Author,Papers,Degree,Betweenness,Eigenvector,PageRank,Community
Q2-12,4,0.014986376021798364,0.00014869280438346388,6.001186389213821e-08,0.005323238691227804,22
P7-8,4,0.005449591280653951,2.230392065751958e-05,5.59705763921128e-31,0.005105906771806914,90
B9-1,3,0.010899182561307902,7.806372230131853e-05,2.1257483690815405e-17,0.004796555232922153,118
C7-5,3,0.012261580381471389,5.947712175338555e-05,5.6421449603914375e-08,0.004368272705327872,22
Wang,3,0.004087193460490463,1.115196032875979e-05,1.2789347167846426e-33,0.004113459630060792,23
A10-1,3,0.006811989100817439,2.602124076710618e-05,7.386717002495611e-22,0.003942294652226723,31
P12-13,3,0.012261580381471389,4.832516142462576e-05,7.567550628082047e-06,0.003875067088158282,81
Q4-10,3,0.012261580381471389,4.832516142462576e-05,7.567550628082047e-06,0.003875067088158282,81
B6-3,2,0.014986376021798364,0.00016727940493139687,9.353902959664565e-05,0.0035868832035929913,38
B8-1,2,0.008174386920980926,3.3455880986279375e-05,7.718460583235283e-19,0.0035383943420942247,294
P7-4,2,0.012261580381471389,0.00010036764295883812,7.152231956021424e-06,0.0033940117863274534,81
B12-1,2,0.010899182561307902,0.0001226715636163577,4.7899473640913805e-08,0.003393641730529305,22
P2-6,2,0.009536784741144414,3.717320109586597e-05,1.9769578088895034e-11,0.003292226720279081,56
H10-2,2,0.012261580381471389,5.5759801643798956e-05,8.52409186035736e-05,0.0032452316451668517,38
A4-3,2,0.012261580381471389,5.5759801643798956e-05,8.52409186035736e-05,0.0032452316451668517,38
D10-1,2,0.004087193460490463,7.434640219173194e-06,1.509057508825925e-29,0.0031225064592628584,115
A11-4,2,0.004087193460490463,7.434640219173194e-06,1.5090575088259245e-29,0.0031225064592628584,82
Q8-13,2,0.004087193460490463,7.434640219173194e-06,1.509057508825925e-29,0.0031225064592628584,119
Q2-6,2,0.004087193460490463,7.434640219173194e-06,1.5090575088259248e-29,0.0031225064592628584,259
P8-11,2,0.0027247956403269754,3.717320109586597e-06,4.125701182167553e-37,0.003121012488314672,92
H10-4,2,0.0027247956403269754,3.717320109586597e-06,4.125701182167553e-37,0.003121012488314672,96
Q7-12,2,0.0027247956403269754,3.717320109586597e-06,4.125701182167553e-37,0.003121012488314672,127
Li,2,0.0027247956403269754,3.717320109586597e-06,4.125701182167553e-37,0.003121012488314672,139
Chen,2,0.0027247956403269754,3.717320109586597e-06,4.125701182167553e-37,0.003121012488314672,91
C9-5,2,0.005449591280653951,1.115196032875979e-05,1.619344267418341e-22,0.003023158193320383,160
P3-13,2,0.005449591280653951,1.115196032875979e-05,1.6193442674183406e-22,0.0030231581933203825,104
P8-3,3,0.012261580381471389,3.0269606606633716e-05,0.3448305554765222,0.0029038687416949286,60
Q8-6,2,0.010899182561307902,5.310457299409424e-07,0.3398200045361532,0.0025161763995199915,60
Q12-3,2,0.010899182561307902,5.310457299409424e-07,0.3398200045361532,0.0025161763995199915,60
H6-1,2,0.010899182561307902,5.310457299409424e-07,0.3398200045361532,0.0025161763995199915,60
H6-4,2,0.010899182561307902,5.310457299409424e-07,0.3398200045361532,0.0025161763995199906,60
P8-1,2,0.010899182561307902,5.310457299409424e-07,0.3398200045361532,0.0025161763995199906,60
H12-1,2,0.010899182561307902,5.310457299409424e-07,0.3398200045361532,0.0025161763995199906,60
吉永直樹C2-5○,1,0.004087193460490463,0.0,6.273701603042509e-22,0.0022833901066949183,31
P8-2,1,0.004087193460490463,0.0,6.273701603042509e-22,0.002283390106694918,31
P10-6,1,0.004087193460490463,0.0,6.273701603042509e-22,0.0022833901066949174,31
P4-8,1,0.006811989100817439,0.0,1.8180492334242097e-11,0.002247046520877718,56
C10-5,1,0.006811989100817439,0.0,1.8180492334242097e-11,0.002247046520877718,56
P7-10,1,0.006811989100817439,0.0,1.8180492334242097e-11,0.002247046520877718,56
武田浩一C4-4,1,0.006811989100817439,0.0,1.8180492334242097e-11,0.0022470465208777176,56
A12-2,1,0.006811989100817439,0.0,1.8180492334242097e-11,0.0022470465208777176,56
Q6-6,1,0.004087193460490463,0.0,1.4909301582073672e-22,0.002219320984142648,160
C5-2,1,0.004087193460490463,0.0,1.4909301582073672e-22,0.002219320984142648,160
佐藤理史A2-4,1,0.004087193460490463,0.0,1.4909301582073672e-22,0.002219320984142648,160
山崎誠P3-11,1,0.004087193460490463,0.0,1.4909301582073667e-22,0.0022193209841426475,104
P3-12○,1,0.004087193460490463,0.0,1.4909301582073667e-22,0.0022193209841426475,104
P9-11○,1,0.004087193460490463,0.0,1.4909301582073667e-22,0.002219320984142647,104
H3-4,1,0.008174386920980926,0.0,6.500063023334631e-06,0.0021542596690621637,81
高村大也H3-1,1,0.008174386920980926,0.0,6.500063023334631e-06,0.0021542596690621637,81
P12-8,1,0.008174386920980926,0.0,6.500063023334631e-06,0.0021542596690621637,81
P11-9,1,0.008174386920980926,0.0,6.500063023334631e-06,0.0021542596690621637,81
P6-7,1,0.006811989100817439,0.0,6.8831659890887665e-12,0.0021285653465685514,9
B10-4,1,0.006811989100817439,0.0,6.8831659890887665e-12,0.0021285653465685514,9
B11-5,1,0.006811989100817439,0.0,6.8831659890887665e-12,0.0021285653465685514,50
D10-3,1,0.006811989100817439,0.0,6.8831659890887665e-12,0.0021285653465685514,50
P10-11,1,0.006811989100817439,0.0,6.8831659890887665e-12,0.0021285653465685514,26
Q12-13,1,0.006811989100817439,0.0,6.8831659890887665e-12,0.0021285653465685514,9
P4-12,1,0.006811989100817439,0.0,6.8831659890887665e-12,0.0021285653465685514,26
P10-10,1,0.006811989100817439,0.0,6.8831659890887665e-12,0.0021285653465685514,26
ツル鶴岡慶雅Q3-10,1,0.006811989100817439,0.0,6.8831659890887665e-12,0.0021285653465685514,9
P2-1,1,0.006811989100817439,0.0,6.8831659890887665e-12,0.0021285653465685514,50
Q11-9,1,0.006811989100817439,0.0,6.8831659890887665e-12,0.0021285653465685514,50
村上仁一D1-2,1,0.006811989100817439,0.0,6.8831659890887665e-12,0.0021285653465685514,26
P7-5,1,0.006811989100817439,0.0,6.8831659890887665e-12,0.002128565346568551,9
モリ森信介Q9-5,1,0.006811989100817439,0.0,6.8831659890887665e-12,0.002128565346568551,50
Q9-1,1,0.006811989100817439,0.0,6.8831659890887665e-12,0.002128565346568551,9
A8-3○,1,0.006811989100817439,0.0,6.8831659890887665e-12,0.002128565346568551,26
P11-7,1,0.006811989100817439,0.0,6.8831659890887665e-12,0.002128565346568551,50
P10-12,1,0.006811989100817439,0.0,6.8831659890887665e-12,0.002128565346568551,26
Lis KanashiroC4-3,1,0.0027247956403269754,0.0,3.731371759474187e-31,0.0021285653465685506,154
○山田 康輔,1,0.0027247956403269754,0.0,3.731371759474187e-31,0.0021285653465685506,200
二宮大空Q8-5,1,0.0013623978201634877,0.0,2.0046009910436058e-42,0.0021285653465685506,320
増山繁Q8-12,1,0.0013623978201634877,0.0,2.0046009910436058e-42,0.0021285653465685506,243
H8-5,1,0.0013623978201634877,0.0,2.0046009910436058e-42,0.0021285653465685506,188
MaijaB10-1,1,0.0013623978201634877,0.0,2.0046009910436058e-42,0.0021285653465685506,117
Ptaszynski,1,0.0013623978201634877,0.0,2.0046009910436058e-42,0.0021285653465685506,249
P1-8,1,0.0013623978201634877,0.0,2.0046009910436058e-42,0.0021285653465685506,211
C2-4○,1,0.0013623978201634877,0.0,2.0046009910436058e-42,0.0021285653465685506,253
Tang,1,0.0013623978201634877,0.0,2.0046009910436058e-42,0.0021285653465685506,186
Q10-9,1,0.004087193460490463,0.0,3.697836145168593e-23,0.0021285653465685506,204
鈴木良弥P7-11,1,0.0013623978201634877,0.0,2.0046009910436058e-42,0.0021285653465685506,192
シブ渋木英潔B3-4,1,0.0027247956403269754,0.0,3.731371759474187e-31,0.0021285653465685506,185
Kim,1,0.0013623978201634877,0.0,2.0046009910436058e-42,0.0021285653465685506,255
Nikolova-Stoupak,1,0.0013623978201634877,0.0,2.0046009910436058e-42,0.0021285653465685506,316
StevenC6-4,1,0.0027247956403269754,0.0,3.731371759474187e-31,0.0021285653465685506,121
加藤祥太Q4-9○,1,0.0027247956403269754,0.0,3.731371759474187e-31,0.0021285653465685506,2
P2-10,1,0.0027247956403269754,0.0,3.731371759474187e-31,0.0021285653465685506,72
A7-3,1,0.0027247956403269754,0.0,3.731371759474187e-31,0.0021285653465685506,163
Oh,1,0.0013623978201634877,0.0,2.0046009910436058e-42,0.0021285653465685506,261
C2-3,1,0.0027247956403269754,0.0,3.731371759474187e-31,0.0021285653465685506,69
P12-3○,1,0.0013623978201634877,0.0,2.0046009910436058e-42,0.0021285653465685506,263
JasonH3-4,1,0.0013623978201634877,0.0,2.0046009910436058e-42,0.0021285653465685506,180
Q6-12,1,0.004087193460490463,0.0,3.697836145168593e-23,0.0021285653465685506,62
伊藤拓海(東北大)B1-1,1,0.0013623978201634877,0.0,2.0046009910436058e-42,0.0021285653465685506,403
Q4-13,1,0.005449591280653951,0.0,5.890992851561289e-17,0.0021285653465685506,157
P6-9,1,0.0013623978201634877,0.0,2.0046009910436058e-42,0.0021285653465685506,55
Q4-2○,1,0.0027247956403269754,0.0,3.731371759474187e-31,0.0021285653465685506,185
Q10-7,1,0.0013623978201634877,0.0,2.0046009910436058e-42,0.0021285653465685506,143
H8-2,1,0.004087193460490463,0.0,3.697836145168593e-23,0.0021285653465685506,106
H2-3,1,0.005449591280653951,0.0,5.890992851561289e-17,0.0021285653465685506,105
Liu,1,0.004087193460490463,0.0,3.697836145168593e-23,0.0021285653465685506,93
C11-1,1,0.004087193460490463,0.0,3.697836145168593e-23,0.0021285653465685506,204
Iwana,1,0.0013623978201634877,0.0,2.0046009910436058e-42,0.0021285653465685506,144
P3-8○,1,0.0013623978201634877,0.0,2.0046009910436058e-42,0.0021285653465685506,241
C8-1,1,0.004087193460490463,0.0,3.697836145168593e-23,0.0021285653465685506,70
Q6-11,1,0.0013623978201634877,0.0,2.0046009910436058e-42,0.0021285653465685506,114
C3-5○,1,0.0013623978201634877,0.0,2.0046009910436058e-42,0.0021285653465685506,13
P4-2,1,0.004087193460490463,0.0,3.697836145168593e-23,0.0021285653465685506,194
仲田明良A10-2,1,0.0013623978201634877,0.0,2.0046009910436058e-42,0.0021285653465685506,219
石井太河D3-2,1,0.0013623978201634877,0.0,2.0046009910436058e-42,0.0021285653465685506,218
伊藤滉一朗Q1-8,1,0.0013623978201634877,0.0,2.0046009910436058e-42,0.0021285653465685506,226
JingyiA8-2○,1,0.0013623978201634877,0.0,2.0046009910436058e-42,0.0021285653465685506,65
P4-4,1,0.0013623978201634877,0.0,2.0046009910436058e-42,0.0021285653465685506,219
D11-2○,1,0.0013623978201634877,0.0,2.0046009910436058e-42,0.0021285653465685506,201
後藤淳A3-1,1,0.0027247956403269754,0.0,3.731371759474187e-31,0.0021285653465685506,83
P12-4,1,0.004087193460490463,0.0,3.697836145168593e-23,0.0021285653465685506,130
P4-1,1,0.0027247956403269754,0.0,3.731371759474187e-31,0.0021285653465685506,162
Q10-11,1,0.0013623978201634877,0.0,2.0046009910436058e-42,0.0021285653465685506,101
平子潤Q6-4○,1,0.0013623978201634877,0.0,2.0046009910436058e-42,0.0021285653465685506,238
笹野 遼平,1,0.0027247956403269754,0.0,3.731371759474187e-31,0.0021285653465685506,200
ウト宇都雅輝Q1-5,1,0.0027247956403269754,0.0,3.731371759474187e-31,0.0021285653465685506,173
○佐藤 志貴,1,0.005449591280653951,0.0,5.890992851561289e-17,0.0021285653465685506,88
P8-8,1,0.0027247956403269754,0.0,3.731371759474187e-31,0.0021285653465685506,133
P2-5,1,0.0013623978201634877,0.0,2.0046009910436058e-42,0.0021285653465685506,66
ワン王昊H9-5,1,0.0013623978201634877,0.0,2.0046009910436058e-42,0.0021285653465685506,263
田中英輝A2-3,1,0.0013623978201634877,0.0,2.0046009910436058e-42,0.0021285653465685506,182
山田寛章A3-1,1,0.004087193460490463,0.0,3.697836145168593e-23,0.0021285653465685506,194
A9-1,1,0.0027247956403269754,0.0,3.731371759474187e-31,0.0021285653465685506,163
梶原 智之,1,0.0027247956403269754,0.0,3.731371759474187e-31,0.0021285653465685506,207
P10-3,1,0.005449591280653951,0.0,5.890992851561289e-17,0.0021285653465685506,157
Q6-11○,1,0.0013623978201634877,0.0,2.0046009910436058e-42,0.0021285653465685506,179
ナラ楢木悠士H11-5,1,0.0013623978201634877,0.0,2.0046009910436058e-42,0.0021285653465685506,368
BinghanP7-3○,1,0.0013623978201634877,0.0,2.0046009910436058e-42,0.0021285653465685506,34
大友寛之B11-1,1,0.0013623978201634877,0.0,2.0046009910436058e-42,0.0021285653465685506,167
Ehara,1,0.0013623978201634877,0.0,2.0046009910436058e-42,0.0021285653465685506,156
WeihaoH3-5○,1,0.0013623978201634877,0.0,2.0046009910436058e-42,0.0021285653465685506,332
P1-11,1,0.0027247956403269754,0.0,3.731371759474187e-31,0.0021285653465685506,83
Erica KidoP7-4○,1,0.0013623978201634877,0.0,2.0046009910436058e-42,0.0021285653465685506,141
C8-3,1,0.0027247956403269754,0.0,3.731371759474187e-31,0.0021285653465685506,173
吉田一星B1-5,1,0.0027247956403269754,0.0,3.731371759474187e-31,0.0021285653465685506,266
D12-1,1,0.004087193460490463,0.0,3.697836145168593e-23,0.0021285653465685506,62
Hardaway,1,0.0013623978201634877,0.0,2.0046009910436058e-42,0.0021285653465685506,100
Q2-6○,1,0.0013623978201634877,0.0,2.0046009910436058e-42,0.0021285653465685506,79
P11-10,1,0.0013623978201634877,0.0,2.0046009910436058e-42,0.0021285653465685506,243
ユア湯浅亮也P2-13○,1,0.0013623978201634877,0.0,2.0046009910436058e-42,0.0021285653465685506,303
Q8-7○,1,0.0013623978201634877,0.0,2.0046009910436058e-42,0.0021285653465685506,320
Yildirim,1,0.0013623978201634877,0.0,2.0046009910436058e-42,0.0021285653465685506,75
後藤啓介C2-4,1,0.0013623978201634877,0.0,2.0046009910436058e-42,0.0021285653465685506,159
IglikaP6-8○,1,0.0013623978201634877,0.0,2.0046009910436058e-42,0.0021285653465685506,316
アマ天沼博H5-5,1,0.0013623978201634877,0.0,2.0046009910436058e-42,0.0021285653465685506,188
HaiyueQ3-7○,1,0.0013623978201634877,0.0,2.0046009910436058e-42,0.0021285653465685506,8
P6-10,1,0.005449591280653951,0.0,5.890992851561289e-17,0.0021285653465685506,157
今村賢治P6-1,1,0.0027247956403269754,0.0,3.731371759474187e-31,0.0021285653465685506,363
Baek,1,0.0013623978201634877,0.0,2.0046009910436058e-42,0.0021285653465685506,111
土井惟成A9-4,1,0.0013623978201634877,0.0,2.0046009910436058e-42,0.0021285653465685506,147
コダ児玉貴志H1-3○,1,0.0013623978201634877,0.0,2.0046009910436058e-42,0.0021285653465685506,287
NaP7-9○,1,0.0013623978201634877,0.0,2.0046009910436058e-42,0.0021285653465685506,164
A12-4○,1,0.0013623978201634877,0.0,2.0046009910436058e-42,0.0021285653465685506,28
Galvan-Sosa,1,0.0027247956403269754,0.0,3.731371759474187e-31,0.0021285653465685506,267
Yang,1,0.0013623978201634877,0.0,2.0046009910436058e-42,0.0021285653465685506,296
QiyuQ9-1,1,0.0013623978201634877,0.0,2.0046009910436058e-42,0.0021285653465685506,46
Q10-2○,1,0.0027247956403269754,0.0,3.731371759474187e-31,0.0021285653465685506,121
YutaroQ9-3○,1,0.0013623978201634877,0.0,2.0046009910436058e-42,0.0021285653465685506,339
PanitanP7-11○,1,0.0013623978201634877,0.0,2.0046009910436058e-42,0.0021285653465685506,289
B4-1,1,0.0027247956403269754,0.0,3.731371759474187e-31,0.0021285653465685506,266
DianaC6-4○,1,0.0027247956403269754,0.0,3.731371759474187e-31,0.0021285653465685506,267
タグ田口智大P3-6○,1,0.0013623978201634877,0.0,2.0046009910436058e-42,0.0021285653465685506,304
D2-4,1,0.004087193460490463,0.0,3.697836145168593e-23,0.0021285653465685506,62
Bui TuanA2-5○,1,0.0013623978201634877,0.0,2.0046009910436058e-42,0.0021285653465685506,342
Torisawa,1,0.0013623978201634877,0.0,2.0046009910436058e-42,0.0021285653465685506,341
Yamada,1,0.0013623978201634877,0.0,2.0046009910436058e-42,0.0021285653465685506,339
Jong-HoonQ8-9,1,0.0013623978201634877,0.0,2.0046009910436058e-42,0.0021285653465685506,261
KazumasaQ6-13,1,0.0013623978201634877,0.0,2.0046009910436058e-42,0.0021285653465685506,132
P2-11,1,0.005449591280653951,0.0,5.890992851561289e-17,0.0021285653465685506,157
C5-4,1,0.0013623978201634877,0.0,2.0046009910436058e-42,0.0021285653465685506,275
舟山弘晃C6-3,1,0.004087193460490463,0.0,3.697836145168593e-23,0.0021285653465685506,70
P10-9○,1,0.0013623978201634877,0.0,2.0046009910436058e-42,0.0021285653465685506,283
一杉裕志D8-2,1,0.0013623978201634877,0.0,2.0046009910436058e-42,0.0021285653465685506,48
Huang,1,0.004087193460490463,0.0,3.697836145168593e-23,0.0021285653465685506,106
Q12-4,1,0.0013623978201634877,0.0,2.0046009910436058e-42,0.0021285653465685506,123
H7-2,1,0.005449591280653951,0.0,5.890992851561289e-17,0.0021285653465685506,105
P11-13,1,0.0013623978201634877,0.0,2.0046009910436058e-42,0.0021285653465685506,192
M.P1-8,1,0.0013623978201634877,0.0,2.0046009910436058e-42,0.0021285653465685506,249
A7-2,1,0.004087193460490463,0.0,3.697836145168593e-23,0.0021285653465685506,194
P12-13○,1,0.004087193460490463,0.0,3.697836145168593e-23,0.0021285653465685506,93
中村誠Q7-9,1,0.0013623978201634877,0.0,2.0046009910436058e-42,0.0021285653465685506,273
P12-2○,1,0.0013623978201634877,0.0,2.0046009910436058e-42,0.0021285653465685506,368
坂田一郎B9-5,1,0.0013623978201634877,0.0,2.0046009910436058e-42,0.0021285653465685506,78
山﨑康之介H6-1,1,0.0013623978201634877,0.0,2.0046009910436058e-42,0.0021285653465685506,268
Q10-2,1,0.0027247956403269754,0.0,3.731371759474187e-31,0.0021285653465685506,267
Q2-14,1,0.0027247956403269754,0.0,3.731371759474187e-31,0.0021285653465685506,266
Jonathan R.Q10-10,1,0.0013623978201634877,0.0,2.0046009910436058e-42,0.0021285653465685506,265
Q12-12,1,0.0027247956403269754,0.0,3.731371759474187e-31,0.0021285653465685506,145
B6-2,1,0.0027247956403269754,0.0,3.731371759474187e-31,0.0021285653465685506,185
Q12-6,1,0.0013623978201634877,0.0,2.0046009910436058e-42,0.0021285653465685506,35
岩倉友哉Q6-5,1,0.0013623978201634877,0.0,2.0046009910436058e-42,0.0021285653465685506,376
マス桝井文人A12-3,1,0.0013623978201634877,0.0,2.0046009910436058e-42,0.0021285653465685506,211
Rocha,1,0.0013623978201634877,0.0,2.0046009910436058e-42,0.0021285653465685506,42
Thanh,1,0.0013623978201634877,0.0,2.0046009910436058e-42,0.0021285653465685506,342
P1-10,1,0.0013623978201634877,0.0,2.0046009910436058e-42,0.0021285653465685506,273
カラ唐井希B7-5○,1,0.0013623978201634877,0.0,2.0046009910436058e-42,0.0021285653465685506,307
船越孝太郎Q1-1,1,0.005449591280653951,0.0,5.890992851561289e-17,0.0021285653465685506,105
P3-8,1,0.0013623978201634877,0.0,2.0046009910436058e-42,0.0021285653465685506,304
GeewookB7-4,1,0.0013623978201634877,0.0,2.0046009910436058e-42,0.0021285653465685506,255
P12-12,1,0.0013623978201634877,0.0,2.0046009910436058e-42,0.0021285653465685506,303
P3-5,1,0.0013623978201634877,0.0,2.0046009910436058e-42,0.0021285653465685506,376
P12-10,1,0.0027247956403269754,0.0,3.731371759474187e-31,0.0021285653465685506,145
YouyangH3-3,1,0.0013623978201634877,0.0,2.0046009910436058e-42,0.0021285653465685506,94
P9-7,1,0.0013623978201634877,0.0,2.0046009910436058e-42,0.0021285653465685506,97
武田 浩一,1,0.0027247956403269754,0.0,3.731371759474187e-31,0.0021285653465685506,200
P11-11,1,0.005449591280653951,0.0,5.890992851561289e-17,0.0021285653465685506,105
XuchenH3-5,1,0.0013623978201634877,0.0,2.0046009910436058e-42,0.0021285653465685506,296
宮川創P3-6,1,0.0013623978201634877,0.0,2.0046009910436058e-42,0.0021285653465685506,241
Muangkammuen,1,0.0013623978201634877,0.0,2.0046009910436058e-42,0.0021285653465685506,289
C2-3○,1,0.0013623978201634877,0.0,2.0046009910436058e-42,0.0021285653465685506,287
XincanC4-2○,1,0.0013623978201634877,0.0,2.0046009910436058e-42,0.0021285653465685506,102
Seo,1,0.0013623978201634877,0.0,2.0046009910436058e-42,0.0021285653465685506,99
P2-9,1,0.0013623978201634877,0.0,2.0046009910436058e-42,0.0021285653465685506,182
Q3-1,1,0.005449591280653951,0.0,5.890992851561289e-17,0.0021285653465685506,105
Feng,1,0.0013623978201634877,0.0,2.0046009910436058e-42,0.0021285653465685506,102
ニイ新国佳祐Q10-5,1,0.0013623978201634877,0.0,2.0046009910436058e-42,0.0021285653465685506,101
IkukoP7-12,1,0.0013623978201634877,0.0,2.0046009910436058e-42,0.0021285653465685506,100
P10-1○,1,0.0027247956403269754,0.0,3.731371759474187e-31,0.0021285653465685506,363
中山功太B6-2,1,0.0013623978201634877,0.0,2.0046009910436058e-42,0.0021285653465685506,97
RitvikH6-3○,1,0.0013623978201634877,0.0,2.0046009910436058e-42,0.0021285653465685506,85
P11-3,1,0.0013623978201634877,0.0,2.0046009910436058e-42,0.0021285653465685506,86
Ng,1,0.0013623978201634877,0.0,2.0046009910436058e-42,0.0021285653465685506,94
ShanshanQ2-11○,1,0.004087193460490463,0.0,3.697836145168593e-23,0.0021285653465685506,93
Q12-3○,1,0.0013623978201634877,0.0,2.0046009910436058e-42,0.0021285653465685506,268
赤間 怜奈,1,0.005449591280653951,0.0,5.890992851561289e-17,0.0021285653465685506,88
Q12-12○,1,0.0013623978201634877,0.0,2.0046009910436058e-42,0.0021285653465685506,226
川上孝介H4-3,1,0.0013623978201634877,0.0,2.0046009910436058e-42,0.0021285653465685506,86
Choudhary,1,0.0013623978201634877,0.0,2.0046009910436058e-42,0.0021285653465685506,85
Q3-11,1,0.0027247956403269754,0.0,3.731371759474187e-31,0.0021285653465685506,83
オハ小原孝介Q2-5,1,0.0013623978201634877,0.0,2.0046009910436058e-42,0.0021285653465685506,79
C11-4,1,0.0013623978201634877,0.0,2.0046009910436058e-42,0.0021285653465685506,78
久野雅樹Q10-3,1,0.0027247956403269754,0.0,3.731371759474187e-31,0.0021285653465685506,103
Yin JouH1-3,1,0.004087193460490463,0.0,3.697836145168593e-23,0.0021285653465685506,106
荒瀬由紀Q1-4,1,0.0013623978201634877,0.0,2.0046009910436058e-42,0.0021285653465685506,112
D6-5,1,0.0027247956403269754,0.0,3.731371759474187e-31,0.0021285653465685506,69
キシ岸波洋介D2-3,1,0.0013623978201634877,0.0,2.0046009910436058e-42,0.0021285653465685506,18
乾 健太郎,1,0.005449591280653951,0.0,5.890992851561289e-17,0.0021285653465685506,88
展示場,1,0.0013623978201634877,0.0,2.0046009910436058e-42,0.0021285653465685506,41
柴田千尋Q8-8,1,0.0027247956403269754,0.0,3.731371759474187e-31,0.0021285653465685506,133
Saito,1,0.0013623978201634877,0.0,2.0046009910436058e-42,0.0021285653465685506,132
YifeiA8-4○,1,0.0013623978201634877,0.0,2.0046009910436058e-42,0.0021285653465685506,131
A8-2,1,0.004087193460490463,0.0,3.697836145168593e-23,0.0021285653465685506,130
長谷部陽一郎A7-4,1,0.0013623978201634877,0.0,2.0046009910436058e-42,0.0021285653465685506,128
P8-7,1,0.004087193460490463,0.0,3.697836145168593e-23,0.0021285653465685506,204
オギ荻野正樹Q11-7,1,0.0013623978201634877,0.0,2.0046009910436058e-42,0.0021285653465685506,123
Coyne,1,0.0027247956403269754,0.0,3.731371759474187e-31,0.0021285653465685506,121
大内 啓樹,1,0.005449591280653951,0.0,5.890992851561289e-17,0.0021285653465685506,88
Kāle,1,0.0013623978201634877,0.0,2.0046009910436058e-42,0.0021285653465685506,117
小林尚輝Q3-1,1,0.0013623978201634877,0.0,2.0046009910436058e-42,0.0021285653465685506,114
P4-6,1,0.0013623978201634877,0.0,2.0046009910436058e-42,0.0021285653465685506,112
D11-2,1,0.0013623978201634877,0.0,2.0046009910436058e-42,0.0021285653465685506,59
YoungminB7-4,1,0.0013623978201634877,0.0,2.0046009910436058e-42,0.0021285653465685506,111
大村和正C2-3,1,0.0013623978201634877,0.0,2.0046009910436058e-42,0.0021285653465685506,201
IlkerQ9-3,1,0.0013623978201634877,0.0,2.0046009910436058e-42,0.0021285653465685506,75
シナ品川政太朗H2-2,1,0.0027247956403269754,0.0,3.731371759474187e-31,0.0021285653465685506,72
Q8-11,1,0.0027247956403269754,0.0,3.731371759474187e-31,0.0021285653465685506,133
森村哲郎Q12-5,1,0.0013623978201634877,0.0,2.0046009910436058e-42,0.0021285653465685506,35
Lu,1,0.0013623978201634877,0.0,2.0046009910436058e-42,0.0021285653465685506,34
P7-13○,1,0.0027247956403269754,0.0,3.731371759474187e-31,0.0021285653465685506,19
栗原健太郎Q8-5○,1,0.0013623978201634877,0.0,2.0046009910436058e-42,0.0021285653465685506,28
C10-1,1,0.004087193460490463,0.0,3.697836145168593e-23,0.0021285653465685506,70
Q6-3○,1,0.0013623978201634877,0.0,2.0046009910436058e-42,0.0021285653465685506,218
P9-9,1,0.0027247956403269754,0.0,3.731371759474187e-31,0.0021285653465685506,19
H2-5○,1,0.0013623978201634877,0.0,2.0046009910436058e-42,0.0021285653465685506,18
H7-4○,1,0.004087193460490463,0.0,3.697836145168593e-23,0.0021285653465685506,106
Pereira,1,0.0027247956403269754,0.0,3.731371759474187e-31,0.0021285653465685506,154
小林悟郎C3-4,1,0.0013623978201634877,0.0,2.0046009910436058e-42,0.0021285653465685506,13
永田昌明Q4-7,1,0.004087193460490463,0.0,3.697836145168593e-23,0.0021285653465685506,130
C3-3,1,0.0013623978201634877,0.0,2.0046009910436058e-42,0.0021285653465685506,10
Song,1,0.0013623978201634877,0.0,2.0046009910436058e-42,0.0021285653465685506,8
C12-2,1,0.0027247956403269754,0.0,3.731371759474187e-31,0.0021285653465685506,2
西田昌史Q1-2,1,0.0013623978201634877,0.0,2.0046009910436058e-42,0.0021285653465685506,275
C12-5,1,0.0027247956403269754,0.0,3.731371759474187e-31,0.0021285653465685506,2
ミナ南泰浩H1-2,1,0.004087193460490463,0.0,3.697836145168593e-23,0.0021285653465685506,204
A8-5,1,0.004087193460490463,0.0,3.697836145168593e-23,0.0021285653465685506,130
スポンサーイブニングH会場,1,0.0013623978201634877,0.0,2.0046009910436058e-42,0.0021285653465685506,41
石原祥太郎Q2-2○,1,0.0013623978201634877,0.0,2.0046009910436058e-42,0.0021285653465685506,59
C8-2○,1,0.004087193460490463,0.0,3.697836145168593e-23,0.0021285653465685506,70
村脇有吾A1-5,1,0.0027247956403269754,0.0,3.731371759474187e-31,0.0021285653465685506,69
Q3-2,1,0.004087193460490463,0.0,3.697836145168593e-23,0.0021285653465685506,194
森田武史B9-3,1,0.0013623978201634877,0.0,2.0046009910436058e-42,0.0021285653465685506,66
Zhu,1,0.0013623978201634877,0.0,2.0046009910436058e-42,0.0021285653465685506,65
神田峻介C2-1,1,0.0013623978201634877,0.0,2.0046009910436058e-42,0.0021285653465685506,253
峯島宏次D1-4,1,0.004087193460490463,0.0,3.697836145168593e-23,0.0021285653465685506,62
GoD6-1○,1,0.0013623978201634877,0.0,2.0046009910436058e-42,0.0021285653465685506,58
Luis E CA10-1,1,0.0013623978201634877,0.0,2.0046009910436058e-42,0.0021285653465685506,42
○高山 隼矢,1,0.0027247956403269754,0.0,3.731371759474187e-31,0.0021285653465685506,207
加納保昌P6-2○,1,0.0013623978201634877,0.0,2.0046009910436058e-42,0.0021285653465685506,55
P2-8,1,0.0013623978201634877,0.0,2.0046009910436058e-42,0.0021285653465685506,307
Kamoda,1,0.0013623978201634877,0.0,2.0046009910436058e-42,0.0021285653465685506,58
D8-3,1,0.0013623978201634877,0.0,2.0046009910436058e-42,0.0021285653465685506,48
Wu,1,0.0013623978201634877,0.0,2.0046009910436058e-42,0.0021285653465685506,46
P7-10○,1,0.0013623978201634877,0.0,2.0046009910436058e-42,0.0021285653465685506,238
Q12-9○,1,0.0013623978201634877,0.0,2.0046009910436058e-42,0.0021285653465685506,128
SukminB7-4,1,0.0013623978201634877,0.0,2.0046009910436058e-42,0.0021285653465685506,99
荒瀬 由紀,1,0.0027247956403269754,0.0,3.731371759474187e-31,0.0021285653465685506,207
大野誠寛H8-3,1,0.0027247956403269754,0.0,3.731371759474187e-31,0.0021285653465685506,145
Mao,1,0.0013623978201634877,0.0,2.0046009910436058e-42,0.0021285653465685506,332
Zhou,1,0.0013623978201634877,0.0,2.0046009910436058e-42,0.0021285653465685506,131
A9-3○,1,0.0013623978201634877,0.0,2.0046009910436058e-42,0.0021285653465685506,403
KentaroQ8-9,1,0.0013623978201634877,0.0,2.0046009910436058e-42,0.0021285653465685506,341
宮﨑太郎Q3-11,1,0.0013623978201634877,0.0,2.0046009910436058e-42,0.0021285653465685506,283
C8-5,1,0.0027247956403269754,0.0,3.731371759474187e-31,0.0021285653465685506,173
B9-2,1,0.0027247956403269754,0.0,3.731371759474187e-31,0.0021285653465685506,154
YingtianQ9-3,1,0.0013623978201634877,0.0,2.0046009910436058e-42,0.0021285653465685506,186
TerumasaQ10-13○,1,0.0013623978201634877,0.0,2.0046009910436058e-42,0.0021285653465685506,156
P9-2,1,0.0027247956403269754,0.0,3.731371759474187e-31,0.0021285653465685506,103
オカ岡照晃Q2-8,1,0.005449591280653951,0.0,5.890992851561289e-17,0.0021285653465685506,157
鈴木 潤,1,0.005449591280653951,0.0,5.890992851561289e-17,0.0021285653465685506,88
P12-9,1,0.004087193460490463,0.0,3.697836145168593e-23,0.0021285653465685506,93
松崎拓也C1-3,1,0.0013623978201634877,0.0,2.0046009910436058e-42,0.0021285653465685506,10
B5-5,1,0.0013623978201634877,0.0,2.0046009910436058e-42,0.0021285653465685506,159
森辰則Q4-6,1,0.0027247956403269754,0.0,3.731371759474187e-31,0.0021285653465685506,162
C11-5,1,0.0027247956403269754,0.0,3.731371759474187e-31,0.0021285653465685506,162
金子正弘H4-5○,1,0.0027247956403269754,0.0,3.731371759474187e-31,0.0021285653465685506,163
Dong,1,0.0013623978201634877,0.0,2.0046009910436058e-42,0.0021285653465685506,164
P7-1,1,0.0027247956403269754,0.0,3.731371759474187e-31,0.0021285653465685506,103
西口純代P3-10○,1,0.0027247956403269754,0.0,3.731371759474187e-31,0.0021285653465685506,19
B12-2○,1,0.0013623978201634877,0.0,2.0046009910436058e-42,0.0021285653465685506,167
Brennan,1,0.0013623978201634877,0.0,2.0046009910436058e-42,0.0021285653465685506,265
D10-5○,1,0.0013623978201634877,0.0,2.0046009910436058e-42,0.0021285653465685506,147
P6-13○,1,0.0027247956403269754,0.0,3.731371759474187e-31,0.0021285653465685506,363
Shimomoto,1,0.0013623978201634877,0.0,2.0046009910436058e-42,0.0021285653465685506,141
田口亮C6-1,1,0.0013623978201634877,0.0,2.0046009910436058e-42,0.0021285653465685506,143
Brian KenjiC10-2,1,0.0013623978201634877,0.0,2.0046009910436058e-42,0.0021285653465685506,144
Q12-7,1,0.0027247956403269754,0.0,3.731371759474187e-31,0.0021285653465685506,72
マエ前川在Q3-1○,1,0.0013623978201634877,0.0,2.0046009910436058e-42,0.0021285653465685506,179
Naradowsky,1,0.0013623978201634877,0.0,2.0046009910436058e-42,0.0021285653465685506,180
森 信介,1,0.009536784741144414,0.0,0.0006821303699643777,0.0021285653465685497,6
亀甲 博貴,1,0.009536784741144414,0.0,0.0006821303699643777,0.0021285653465685497,6
迫田 航次郎,1,0.009536784741144414,0.0,0.0006821303699643777,0.0021285653465685497,6
奥田 奈津子,1,0.009536784741144414,0.0,0.0006821303699643777,0.0021285653465685497,6
橋本 敦史,1,0.009536784741144414,0.0,0.0006821303699643777,0.0021285653465685497,6
牛久 敦,1,0.009536784741144414,0.0,0.0006821303699643777,0.0021285653465685497,6
小野 富三人,1,0.009536784741144414,0.0,0.0006821303699643777,0.0021285653465685497,6
○西村 太一,1,0.009536784741144414,0.0,0.0006821303699643777,0.0021285653465685497,6
C10-4,1,0.0027247956403269754,0.0,1.28969740790471e-29,0.0020938879166651696,259
西田京介H5-4,1,0.0027247956403269754,0.0,1.2896974079047096e-29,0.0020938879166651696,82
A5-4,1,0.0027247956403269754,0.0,1.2896974079047102e-29,0.0020938879166651696,119
B7-3○,1,0.0027247956403269754,0.0,1.2896974079047096e-29,0.0020938879166651696,82
竹内孔一Q2-5,1,0.0027247956403269754,0.0,1.28969740790471e-29,0.0020938879166651696,259
吉川将司C4-5,1,0.0027247956403269754,0.0,1.2896974079047102e-29,0.0020938879166651696,119
Q7-10,1,0.0027247956403269754,0.0,1.2896974079047102e-29,0.002093887916665169,115
オト乙武北斗B3-4,1,0.0027247956403269754,0.0,1.2896974079047102e-29,0.002093887916665169,115
Q8-14,1,0.006811989100817439,0.0,4.2489409994118596e-08,0.0020688852344447257,22
Q3-9,1,0.006811989100817439,0.0,4.2489409994118596e-08,0.0020688852344447257,22
井之上直也Q1-7,1,0.006811989100817439,0.0,4.2489409994118596e-08,0.0020688852344447257,22
ヤナ谷中瞳D1-4,1,0.008174386920980926,0.0,7.115852127300744e-05,0.0019967483388195076,38
D12-2,1,0.008174386920980926,0.0,7.115852127300744e-05,0.0019967483388195076,38
C9-1,1,0.008174386920980926,0.0,7.115852127300744e-05,0.0019967483388195076,38
A9-4,1,0.008174386920980926,0.0,7.115852127300744e-05,0.0019967483388195076,38
B2-5○,1,0.004087193460490463,0.0,1.1295032750256093e-17,0.001912889485593048,118
H8-4,1,0.004087193460490463,0.0,1.1295032750256091e-17,0.001912889485593048,118
B2-5,1,0.004087193460490463,0.0,1.1295032750256091e-17,0.001912889485593048,118
シン新里顕大H1-4,1,0.004087193460490463,0.0,1.1295032750256091e-17,0.001912889485593048,118
井手竜也H1-4○,1,0.004087193460490463,0.0,1.1295032750256093e-17,0.001912889485593048,118
H7-1,1,0.004087193460490463,0.0,1.1295032750256094e-17,0.0019128894855930478,118
クド工藤慧音A5-4,1,0.004087193460490463,0.0,4.689931298455065e-19,0.0018935938473142705,294
H2-5,1,0.004087193460490463,0.0,4.689931298455065e-19,0.0018935938473142705,294
H2-1,1,0.004087193460490463,0.0,4.689931298455065e-19,0.0018935938473142705,294
Q8-13○,1,0.004087193460490463,0.0,4.689931298455065e-19,0.0018935938473142705,294
赤間怜奈H1-1○,1,0.004087193460490463,0.0,4.689931298455065e-19,0.0018935938473142705,294
P2-7,1,0.004087193460490463,0.0,4.689931298455065e-19,0.0018935938473142705,294
ベッ戸次大介C1-2,1,0.006811989100817439,0.0,3.451217505675734e-05,0.0018640024070621104,38
D12-2○,1,0.006811989100817439,0.0,3.451217505675734e-05,0.0018640024070621104,38
D12-4,1,0.006811989100817439,0.0,3.451217505675734e-05,0.0018640024070621104,38
D1-4,1,0.006811989100817439,0.0,3.451217505675734e-05,0.0018640024070621104,38
C9-3,1,0.006811989100817439,0.0,3.451217505675734e-05,0.0018640024070621104,38
イソ磯暁B5-2,1,0.0013623978201634877,0.0,2.917311283060032e-37,0.0016323417756954903,96
アリ有木康雄P8-4,1,0.0013623978201634877,0.0,2.917311283060032e-37,0.0016323417756954903,92
張信鵬Q7-11,1,0.0013623978201634877,0.0,2.917311283060032e-37,0.0016323417756954903,127
タキ滝口哲也P8-4,1,0.0013623978201634877,0.0,2.917311283060032e-37,0.0016323417756954903,92
チカ近添淳一B5-2,1,0.0013623978201634877,0.0,2.917311283060032e-37,0.0016323417756954903,96
イナ稲田和明Q7-11,1,0.0013623978201634877,0.0,2.917311283060032e-37,0.0016323417756954903,127
ZikaiP7-5○,1,0.0013623978201634877,0.0,2.917311283060032e-37,0.0016323417756954899,91
ShengA5-2,1,0.0013623978201634877,0.0,2.917311283060032e-37,0.0016323417756954899,139
JunjieA9-4,1,0.0013623978201634877,0.0,2.917311283060032e-37,0.0016323417756954899,91
YunmengA9-5○,1,0.0013623978201634877,0.0,2.917311283060032e-37,0.0016323417756954899,139
B12-2,1,0.004087193460490463,0.0,1.2384749321722205e-08,0.0015689441247444837,22
東山翔平B11-1,1,0.004087193460490463,0.0,1.2384749321722205e-08,0.0015689441247444835,22
P6-1○,1,0.004087193460490463,0.0,1.2384749321722205e-08,0.0015689441247444835,22
P9-5,1,0.005449591280653951,0.0,3.619326208694124e-05,0.0015147094380043276,38
D3-4○,1,0.005449591280653951,0.0,3.619326208694124e-05,0.0015147094380043276,38
上田亮D3-2○,1,0.005449591280653951,0.0,3.6193262086941244e-05,0.0015147094380043276,38
Q3-4,1,0.004087193460490463,0.0,1.6149414171151825e-06,0.0014765756940705423,81
Marrese-Taylor,1,0.004087193460490463,0.0,1.6149414171151825e-06,0.0014765756940705423,81
EdisonD2-5,1,0.004087193460490463,0.0,1.6149414171151825e-06,0.0014765756940705423,81
XiaotianA8-2,1,0.0013623978201634877,0.0,7.383933030115713e-34,0.0014669339187378028,23
TianqiQ6-13○,1,0.0013623978201634877,0.0,7.383933030115713e-34,0.0014669339187378028,23
AnB3-3,1,0.0013623978201634877,0.0,7.383933030115713e-34,0.0014669339187378028,23
榮田亮真H1-4,1,0.0027247956403269754,0.0,7.37589595908646e-18,0.0014415979863182564,118
H7-1○,1,0.0027247956403269754,0.0,7.37589595908646e-18,0.0014415979863182564,118
PaulQ1-7,1,0.004087193460490463,0.0,2.3919979879973762e-08,0.0014021657814134903,22
Guerraoui,1,0.004087193460490463,0.0,2.3919979879973762e-08,0.0014021657814134903,22
CaméliaQ1-7○,1,0.004087193460490463,0.0,2.3919979879973762e-08,0.0014021657814134903,22
Reisert,1,0.004087193460490463,0.0,2.3919979879973762e-08,0.0014021657814134903,22
吉野幸一郎C5-1,1,0.009536784741144414,0.0,0.30518298199267707,0.001400444481122441,60
河野誠也C5-1○,1,0.009536784741144414,0.0,0.30518298199267707,0.0014004444811224408,60
平山高嗣Q10-6,1,0.0013623978201634877,0.0,2.79852881960564e-31,0.0013842299902589597,90
駒水孝裕Q10-6,1,0.0013623978201634877,0.0,2.79852881960564e-31,0.0013842299902589597,90
加藤大貴Q10-6,1,0.0013623978201634877,0.0,2.79852881960564e-31,0.0013842299902589597,90
松平茅隼Q10-6,1,0.0013623978201634877,0.0,2.79852881960564e-31,0.0013842299902589597,90
H11-1,1,0.004087193460490463,0.0,2.7879341300247113e-06,0.0012811415595992877,81
石垣達也H3-1,1,0.004087193460490463,0.0,2.7879341300247113e-06,0.0012811415595992877,81
P6-11,1,0.0027247956403269754,0.0,4.836705150441094e-12,0.001250531723940369,56
スガ菅原朔A12-5,1,0.0027247956403269754,0.0,4.836705150441095e-12,0.001250531723940369,56
多村新平Q2-5,1,0.0013623978201634877,0.0,6.95390491635266e-30,0.0012039790936810043,259
長谷川拓B7-3,1,0.0013623978201634877,0.0,6.95390491635266e-30,0.0012039790936810043,82
アオ青木洋一A5-4○,1,0.0013623978201634877,0.0,6.953904916352661e-30,0.0012039790936810043,119
コバ小林暁雄B3-4,1,0.0013623978201634877,0.0,6.953904916352661e-30,0.0012039790936810041,115
Mim,1,0.0027247956403269754,0.0,1.2328796061518395e-08,0.0011605879341108453,22
Farjana SultanaQ1-7,1,0.0027247956403269754,0.0,1.2328796061518395e-08,0.0011605879341108453,22
中山悠理C3-2○,1,0.0013623978201634877,0.0,2.3247606523326857e-22,0.000989463553549913,31
小林亮太C3-2,1,0.0013623978201634877,0.0,2.3247606523326857e-22,0.000989463553549913,31
小川浩平Q6-6,1,0.0013623978201634877,0.0,5.2471676945147726e-23,0.0009617055870944262,160
トウ東条佳奈P3-11,1,0.0013623978201634877,0.0,5.247167694514771e-23,0.000961705587094426,104
上原由衣H3-1,1,0.0027247956403269754,0.0,2.354270046576767e-06,0.0009181546650882793,81
桂井麻里衣Q11-4,1,0.0013623978201634877,0.0,0.044147411212631084,0.00048383736462573985,60
武内樹治B11-2,1,0.0,0.0,1.0866963747280363e-61,0.00031928480256891776,213
クロージングH会場,1,0.0,0.0,1.0866963747280363e-61,0.00031928480256891776,428
エン圓田彩乃H12-3○,1,0.0,0.0,1.0866963747280363e-61,0.00031928480256891776,366
西村良太H2-4,1,0.0,0.0,1.0866963747280363e-61,0.00031928480256891776,426
柴田幸輝Q6-1,1,0.0,0.0,1.0866963747280363e-61,0.00031928480256891776,361
エノ榎本大晟P6-10○,1,0.0,0.0,1.0866963747280363e-61,0.00031928480256891776,371
内田渉Q4-7,1,0.0,0.0,1.0866963747280363e-61,0.00031928480256891776,421
フカ深澤祐援Q2-3,1,0.0,0.0,1.0866963747280363e-61,0.00031928480256891776,370
黒澤友哉C9-1○,1,0.0,0.0,1.0866963747280363e-61,0.00031928480256891776,360
乾孝司B11-4,1,0.0,0.0,1.0866963747280363e-61,0.00031928480256891776,362
Q1:教育応用(1),1,0.0,0.0,1.0866963747280363e-61,0.00031928480256891776,425
カメ亀井遼平C5-3○,1,0.0,0.0,1.0866963747280363e-61,0.00031928480256891776,365
内田翼P10-9,1,0.0,0.0,1.0866963747280363e-61,0.00031928480256891776,202
西山智弘Q7-2○,1,0.0,0.0,1.0866963747280363e-61,0.00031928480256891776,423
近藤雅芳Q9-2,1,0.0,0.0,1.0866963747280363e-61,0.00031928480256891776,429
Q4:言語資源・分析(4),1,0.0,0.0,1.0866963747280363e-61,0.00031928480256891776,427
山城颯太Q6-10,1,0.0,0.0,1.0866963747280363e-61,0.00031928480256891776,422
藤本一男Q1-11○,1,0.0,0.0,1.0866963747280363e-61,0.00031928480256891776,54
成田風香H1-5○,1,0.0,0.0,1.0866963747280363e-61,0.00031928480256891776,16
當山奈那P3-8,1,0.0,0.0,1.0866963747280363e-61,0.00031928480256891776,364
坂口典三A1-5○,1,0.0,0.0,1.0866963747280363e-61,0.00031928480256891776,367
【ナ行】,1,0.0,0.0,1.0866963747280363e-61,0.00031928480256891776,424
兼田寛大B8-3,1,0.0,0.0,1.0866963747280363e-61,0.00031928480256891776,369
三谷陽Q8-3,1,0.0,0.0,1.0866963747280363e-61,0.00031928480256891776,269
梶原奨Q7-12○,1,0.0,0.0,1.0866963747280363e-61,0.00031928480256891776,329
叶高朋Q9-7○,1,0.0,0.0,1.0866963747280363e-61,0.00031928480256891776,405
C11:文献・論文処理,1,0.0,0.0,1.0866963747280363e-61,0.00031928480256891776,40
森下雅晴Q9-11○,1,0.0,0.0,1.0866963747280363e-61,0.00031928480256891776,394
カネ金子知弘P11-11○,1,0.0,0.0,1.0866963747280363e-61,0.00031928480256891776,396
大杉了斗P11-10○,1,0.0,0.0,1.0866963747280363e-61,0.00031928480256891776,441
ケヤ欅惇志P1-12○,1,0.0,0.0,1.0866963747280363e-61,0.00031928480256891776,442
ウカ鵜飼孝典P2-5,1,0.0,0.0,1.0866963747280363e-61,0.00031928480256891776,409
招待論文H会場,1,0.0,0.0,1.0866963747280363e-61,0.00031928480256891776,443
大滝啓介P1-4○,1,0.0,0.0,1.0866963747280363e-61,0.00031928480256891776,395
C12:言語処理応用(3),1,0.0,0.0,1.0866963747280363e-61,0.00031928480256891776,444
山下紗苗H5-3○,1,0.0,0.0,1.0866963747280363e-61,0.00031928480256891776,389
村松俊平Q7-8,1,0.0,0.0,1.0866963747280363e-61,0.00031928480256891776,410
キツ喜連川優A10-1,1,0.0,0.0,1.0866963747280363e-61,0.00031928480256891776,393
ヨモ蓬田綾香Q8-3○,1,0.0,0.0,1.0866963747280363e-61,0.00031928480256891776,411
中本裕大B9-4○,1,0.0,0.0,1.0866963747280363e-61,0.00031928480256891776,392
山口裕人Q3-8,1,0.0,0.0,1.0866963747280363e-61,0.00031928480256891776,432
池本浩次Q11-10,1,0.0,0.0,1.0866963747280363e-61,0.00031928480256891776,391
H5:要約,1,0.0,0.0,1.0866963747280363e-61,0.00031928480256891776,433
上坂大輔B10-3,1,0.0,0.0,1.0866963747280363e-61,0.00031928480256891776,397
オウ王藝臻Q11-7○,1,0.0,0.0,1.0866963747280363e-61,0.00031928480256891776,434
柳橋圭B4-5,1,0.0,0.0,1.0866963747280363e-61,0.00031928480256891776,440
松本武尊P4-12○,1,0.0,0.0,1.0866963747280363e-61,0.00031928480256891776,439
フジ藤井巧朗Q6-1○,1,0.0,0.0,1.0866963747280363e-61,0.00031928480256891776,398
西田直人A9-4,1,0.0,0.0,1.0866963747280363e-61,0.00031928480256891776,399
宮本晃太郎C1-4,1,0.0,0.0,1.0866963747280363e-61,0.00031928480256891776,408
ヨシ吉岡詩織D5-1○,1,0.0,0.0,1.0866963747280363e-61,0.00031928480256891776,438
イト伊藤郁海B1-1○,1,0.0,0.0,1.0866963747280363e-61,0.00031928480256891776,400
山本茉莉D4-3○,1,0.0,0.0,1.0866963747280363e-61,0.00031928480256891776,401
ネモ根本颯汰Q6-9○,1,0.0,0.0,1.0866963747280363e-61,0.00031928480256891776,407
大囿忠親C6-5,1,0.0,0.0,1.0866963747280363e-61,0.00031928480256891776,437
岡野賢二P9-4,1,0.0,0.0,1.0866963747280363e-61,0.00031928480256891776,402
C8:教育応用(4),1,0.0,0.0,1.0866963747280363e-61,0.00031928480256891776,436
大武美保子D6-2,1,0.0,0.0,1.0866963747280363e-61,0.00031928480256891776,435
新美翔太朗B5-5○,1,0.0,0.0,1.0866963747280363e-61,0.00031928480256891776,406
C4:埋め込み表現(2),1,0.0,0.0,1.0866963747280363e-61,0.00031928480256891776,390
マキ牧田光晴D4-1,1,0.0,0.0,1.0866963747280363e-61,0.00031928480256891776,412
A11:質問応答(2),1,0.0,0.0,1.0866963747280363e-61,0.00031928480256891776,420
陽田祥平C4-4○,1,0.0,0.0,1.0866963747280363e-61,0.00031928480256891776,431
竹野貴法Q8-3,1,0.0,0.0,1.0866963747280363e-61,0.00031928480256891776,32
浅野歴P2-5○,1,0.0,0.0,1.0866963747280363e-61,0.00031928480256891776,417
森田康介P11-7○,1,0.0,0.0,1.0866963747280363e-61,0.00031928480256891776,291
佐藤郁子P2-11○,1,0.0,0.0,1.0866963747280363e-61,0.00031928480256891776,378
ファシリテーター,1,0.0,0.0,1.0866963747280363e-61,0.00031928480256891776,377
吉田広顕P1-4,1,0.0,0.0,1.0866963747280363e-61,0.00031928480256891776,165
笠原智仁H8-4○,1,0.0,0.0,1.0866963747280363e-61,0.00031928480256891776,430
周雷P2-6,1,0.0,0.0,1.0866963747280363e-61,0.00031928480256891776,445
中原健C12-1,1,0.0,0.0,1.0866963747280363e-61,0.00031928480256891776,418
北川創一Q11-10○,1,0.0,0.0,1.0866963747280363e-61,0.00031928480256891776,375
シゲ重藤優太郎P12-9○,1,0.0,0.0,1.0866963747280363e-61,0.00031928480256891776,374
奥村貴史Q7-8,1,0.0,0.0,1.0866963747280363e-61,0.00031928480256891776,373
石川和樹C9-5○,1,0.0,0.0,1.0866963747280363e-61,0.00031928480256891776,372
上田直生也Q2-8○,1,0.0,0.0,1.0866963747280363e-61,0.00031928480256891776,419
田中貴秋P12-4,1,0.0,0.0,1.0866963747280363e-61,0.00031928480256891776,379
サカ酒井浩之D11-1,1,0.0,0.0,1.0866963747280363e-61,0.00031928480256891776,447
ミウ三浦明波B6-2,1,0.0,0.0,1.0866963747280363e-61,0.00031928480256891776,380
太田聖三郎A3-3○,1,0.0,0.0,1.0866963747280363e-61,0.00031928480256891776,416
谷口ジョイD4-4,1,0.0,0.0,1.0866963747280363e-61,0.00031928480256891776,404
加藤大地P9-5○,1,0.0,0.0,1.0866963747280363e-61,0.00031928480256891776,381
パルパルデシプラシャントC10-4,1,0.0,0.0,1.0866963747280363e-61,0.00031928480256891776,415
山浦美里C8-3○,1,0.0,0.0,1.0866963747280363e-61,0.00031928480256891776,446
ナカ中井優A4-3○,1,0.0,0.0,1.0866963747280363e-61,0.00031928480256891776,382
ゼニ銭本友樹P8-9○,1,0.0,0.0,1.0866963747280363e-61,0.00031928480256891776,383
増村亮P11-8,1,0.0,0.0,1.0866963747280363e-61,0.00031928480256891776,384
ウメ梅沢知紀H9-4,1,0.0,0.0,1.0866963747280363e-61,0.00031928480256891776,385
ナム南潤珍P9-4,1,0.0,0.0,1.0866963747280363e-61,0.00031928480256891776,414
田中弥生D6-2○,1,0.0,0.0,1.0866963747280363e-61,0.00031928480256891776,386
ガト我藤勇樹Q4-1○,1,0.0,0.0,1.0866963747280363e-61,0.00031928480256891776,387
ワキ脇本宏平H9-1,1,0.0,0.0,1.0866963747280363e-61,0.00031928480256891776,388
谷口大輔H9-1○,1,0.0,0.0,1.0866963747280363e-61,0.00031928480256891776,413
オサ長内淳樹B7-4,1,0.0,0.0,1.0866963747280363e-61,0.00031928480256891776,359
,13,0.0,0.0,1.0866963747280363e-61,0.00031928480256891776,0
ホソ細野湧城A4-5○,1,0.0,0.0,1.0866963747280363e-61,0.00031928480256891776,358
松井颯汰Q1-2○,1,0.0,0.0,1.0866963747280363e-61,0.00031928480256891776,150
髙野志歩Q3-6○,1,0.0,0.0,1.0866963747280363e-61,0.00031928480256891776,171
オヤ小山田昌史Q8-4,1,0.0,0.0,1.0866963747280363e-61,0.00031928480256891776,170
ウダ宇田川拓真B4-1○,1,0.0,0.0,1.0866963747280363e-61,0.00031928480256891776,169
アラ荒金究Q7-1○,1,0.0,0.0,1.0866963747280363e-61,0.00031928480256891776,168
麻場直喜H9-4○,1,0.0,0.0,1.0866963747280363e-61,0.00031928480256891776,166
セキ関口拓海B1-4○,1,0.0,0.0,1.0866963747280363e-61,0.00031928480256891776,161
H7:対話(4),1,0.0,0.0,1.0866963747280363e-61,0.00031928480256891776,158
岡林遥平Q7-12,1,0.0,0.0,1.0866963747280363e-61,0.00031928480256891776,155
篠山学H2-4○,1,0.0,0.0,1.0866963747280363e-61,0.00031928480256891776,153
白井穂乃D11-2,1,0.0,0.0,1.0866963747280363e-61,0.00031928480256891776,152
郷原聖士C5-4○,1,0.0,0.0,1.0866963747280363e-61,0.00031928480256891776,151
磯野真之介D4-5,1,0.0,0.0,1.0866963747280363e-61,0.00031928480256891776,149
山﨑敏正B4-5○,1,0.0,0.0,1.0866963747280363e-61,0.00031928480256891776,357
飯沼瑞稀C9-3○,1,0.0,0.0,1.0866963747280363e-61,0.00031928480256891776,148
岩田憲治B4-2,1,0.0,0.0,1.0866963747280363e-61,0.00031928480256891776,146
川原田将之Q4-7○,1,0.0,0.0,1.0866963747280363e-61,0.00031928480256891776,142
杉浦元亮B12-3,1,0.0,0.0,1.0866963747280363e-61,0.00031928480256891776,140
ヒダ日髙昇平Q11-6,1,0.0,0.0,1.0866963747280363e-61,0.00031928480256891776,138
坂根亜美Q7-8,1,0.0,0.0,1.0866963747280363e-61,0.00031928480256891776,137
ハヤ早川敦士D5-1,1,0.0,0.0,1.0866963747280363e-61,0.00031928480256891776,136
A8:翻訳(4),1,0.0,0.0,1.0866963747280363e-61,0.00031928480256891776,135
小林恵大C11-1,1,0.0,0.0,1.0866963747280363e-61,0.00031928480256891776,134
タニ谷和樹P12-12○,1,0.0,0.0,1.0866963747280363e-61,0.00031928480256891776,129
ヤス安田有希Q3-11○,1,0.0,0.0,1.0866963747280363e-61,0.00031928480256891776,126
A4:検索・文書分類(2),1,0.0,0.0,1.0866963747280363e-61,0.00031928480256891776,172
小磯花絵D6-2,1,0.0,0.0,1.0866963747280363e-61,0.00031928480256891776,174
石川隆一Q9-1,1,0.0,0.0,1.0866963747280363e-61,0.00031928480256891776,175
A12:質問応答(3),1,0.0,0.0,1.0866963747280363e-61,0.00031928480256891776,176
山本悠士C3-3○,1,0.0,0.0,1.0866963747280363e-61,0.00031928480256891776,214
有馬隆広Q2-4○,1,0.0,0.0,1.0866963747280363e-61,0.00031928480256891776,212
小林優佳B4-2,1,0.0,0.0,1.0866963747280363e-61,0.00031928480256891776,210
田村稔行C2-2○,1,0.0,0.0,1.0866963747280363e-61,0.00031928480256891776,209
永野清仁H4-1,1,0.0,0.0,1.0866963747280363e-61,0.00031928480256891776,208
高橋洸丞P4-7○,1,0.0,0.0,1.0866963747280363e-61,0.00031928480256891776,206
西野涼子H11-1○,1,0.0,0.0,1.0866963747280363e-61,0.00031928480256891776,205
概要,1,0.0,0.0,1.0866963747280363e-61,0.00031928480256891776,203
吉見菜那Q1-4○,1,0.0,0.0,1.0866963747280363e-61,0.00031928480256891776,199
サク作本猛Q4-5○,1,0.0,0.0,1.0866963747280363e-61,0.00031928480256891776,198
松本悠太C4-5○,1,0.0,0.0,1.0866963747280363e-61,0.00031928480256891776,197
イヅ井筒順C1-5○,1,0.0,0.0,1.0866963747280363e-61,0.00031928480256891776,196
佐藤匠真P7-7○,1,0.0,0.0,1.0866963747280363e-61,0.00031928480256891776,195
マル丸山京祐P10-12○,1,0.0,0.0,1.0866963747280363e-61,0.00031928480256891776,193
イグ井口奏大B11-1,1,0.0,0.0,1.0866963747280363e-61,0.00031928480256891776,191
H11:言語処理応用(2),1,0.0,0.0,1.0866963747280363e-61,0.00031928480256891776,190
村田菜穂子P3-12,1,0.0,0.0,1.0866963747280363e-61,0.00031928480256891776,189
リュ劉康明A10-3,1,0.0,0.0,1.0866963747280363e-61,0.00031928480256891776,187
ト 杜彬Q12-4○,1,0.0,0.0,1.0866963747280363e-61,0.00031928480256891776,184
オープニングH会場,1,0.0,0.0,1.0866963747280363e-61,0.00031928480256891776,183
鈴木雅人P11-2○,1,0.0,0.0,1.0866963747280363e-61,0.00031928480256891776,181
大城絢子D5-2○,1,0.0,0.0,1.0866963747280363e-61,0.00031928480256891776,178
山田育矢Q6-7,1,0.0,0.0,1.0866963747280363e-61,0.00031928480256891776,177
齋藤結P8-7○,1,0.0,0.0,1.0866963747280363e-61,0.00031928480256891776,125
H9:生成(4),1,0.0,0.0,1.0866963747280363e-61,0.00031928480256891776,124
クマ熊田孝恒Q7-5,1,0.0,0.0,1.0866963747280363e-61,0.00031928480256891776,122
落合哉人Q10-1○,1,0.0,0.0,1.0866963747280363e-61,0.00031928480256891776,49
金田大海Q7-9○,1,0.0,0.0,1.0866963747280363e-61,0.00031928480256891776,45
コヤ小谷野華那D1-4○,1,0.0,0.0,1.0866963747280363e-61,0.00031928480256891776,44
ゴ 呉宗翰H5-5○,1,0.0,0.0,1.0866963747280363e-61,0.00031928480256891776,43
廣中詩織A4-5,1,0.0,0.0,1.0866963747280363e-61,0.00031928480256891776,39
C6:教育応用(2),1,0.0,0.0,1.0866963747280363e-61,0.00031928480256891776,37
藤田守太Q10-9○,1,0.0,0.0,1.0866963747280363e-61,0.00031928480256891776,36
横尾修平B7-4○,1,0.0,0.0,1.0866963747280363e-61,0.00031928480256891776,33
Q2:知識獲得・情報抽出(1),1,0.0,0.0,1.0866963747280363e-61,0.00031928480256891776,30
H6:対話(3),1,0.0,0.0,1.0866963747280363e-61,0.00031928480256891776,29
H4:生成(2),1,0.0,0.0,1.0866963747280363e-61,0.00031928480256891776,27
宮西大樹H12-5,1,0.0,0.0,1.0866963747280363e-61,0.00031928480256891776,25
橋本隆子A10-1,1,0.0,0.0,1.0866963747280363e-61,0.00031928480256891776,24
招待講演,1,0.0,0.0,1.0866963747280363e-61,0.00031928480256891776,21
モト元川凱喜B9-4,1,0.0,0.0,1.0866963747280363e-61,0.00031928480256891776,20
新保彰人A7-2○,1,0.0,0.0,1.0866963747280363e-61,0.00031928480256891776,17
林部祐太P8-12○,1,0.0,0.0,1.0866963747280363e-61,0.00031928480256891776,15
清水聖司H11-2○,1,0.0,0.0,1.0866963747280363e-61,0.00031928480256891776,14
C5:含意・言い換え(2),1,0.0,0.0,1.0866963747280363e-61,0.00031928480256891776,12
佐藤宏P11-8,1,0.0,0.0,1.0866963747280363e-61,0.00031928480256891776,11
進藤優P8-8○,1,0.0,0.0,1.0866963747280363e-61,0.00031928480256891776,7
成松宏美C11-1,1,0.0,0.0,1.0866963747280363e-61,0.00031928480256891776,5
山本覚Q9-1,1,0.0,0.0,1.0866963747280363e-61,0.00031928480256891776,4
深津聡世D7-1○,1,0.0,0.0,1.0866963747280363e-61,0.00031928480256891776,3
プタプタシンスキ・ミハウA12-3,1,0.0,0.0,1.0866963747280363e-61,0.00031928480256891776,47
木村周平C9-2,1,0.0,0.0,1.0866963747280363e-61,0.00031928480256891776,51
イワ岩井千妃呂A3-5,1,0.0,0.0,1.0866963747280363e-61,0.00031928480256891776,120
C10:意味解析(2),1,0.0,0.0,1.0866963747280363e-61,0.00031928480256891776,52
佐野雅規P10-9,1,0.0,0.0,1.0866963747280363e-61,0.00031928480256891776,116
キノ木下聖D10-3○,1,0.0,0.0,1.0866963747280363e-61,0.00031928480256891776,113
長井慶成Q4-13○,1,0.0,0.0,1.0866963747280363e-61,0.00031928480256891776,110
クロ黒木裕鷹D9-3,1,0.0,0.0,1.0866963747280363e-61,0.00031928480256891776,109
クシ久島務嗣B4-2○,1,0.0,0.0,1.0866963747280363e-61,0.00031928480256891776,108
キタ北研二A10-4,1,0.0,0.0,1.0866963747280363e-61,0.00031928480256891776,107
隅田飛鳥B6-2,1,0.0,0.0,1.0866963747280363e-61,0.00031928480256891776,98
浅野孝平Q7-11○,1,0.0,0.0,1.0866963747280363e-61,0.00031928480256891776,95
ウツ内海祥雅A4-1,1,0.0,0.0,1.0866963747280363e-61,0.00031928480256891776,89
テラ寺西裕紀Q6-7,1,0.0,0.0,1.0866963747280363e-61,0.00031928480256891776,87
松下佳世A6-3,1,0.0,0.0,1.0866963747280363e-61,0.00031928480256891776,84
窪田悠介D12-1○,1,0.0,0.0,1.0866963747280363e-61,0.00031928480256891776,80
ミズ水木栄C3-1○,1,0.0,0.0,1.0866963747280363e-61,0.00031928480256891776,77
C3:埋め込み表現(1),1,0.0,0.0,1.0866963747280363e-61,0.00031928480256891776,76
笹沢裕一H3-2○,1,0.0,0.0,1.0866963747280363e-61,0.00031928480256891776,74
松井鉄平B5-2,1,0.0,0.0,1.0866963747280363e-61,0.00031928480256891776,73
ワダ和田和浩P1-5○,1,0.0,0.0,1.0866963747280363e-61,0.00031928480256891776,71
ワタ渡邉寛大P8-1○,1,0.0,0.0,1.0866963747280363e-61,0.00031928480256891776,68
山岸駿秀Q8-2○,1,0.0,0.0,1.0866963747280363e-61,0.00031928480256891776,67
村岡雅康P1-1○,1,0.0,0.0,1.0866963747280363e-61,0.00031928480256891776,64
天谷武琉D7-5,1,0.0,0.0,1.0866963747280363e-61,0.00031928480256891776,63
中村栞P9-4,1,0.0,0.0,1.0866963747280363e-61,0.00031928480256891776,57
伊藤眞里P12-8,1,0.0,0.0,1.0866963747280363e-61,0.00031928480256891776,53
Q3:機械学習(3),1,0.0,0.0,1.0866963747280363e-61,0.00031928480256891776,215
田中リベカP1-12,1,0.0,0.0,1.0866963747280363e-61,0.00031928480256891776,216
H10:実世界接地,1,0.0,0.0,1.0866963747280363e-61,0.00031928480256891776,217
カナ金沢輝一P3-1,1,0.0,0.0,1.0866963747280363e-61,0.00031928480256891776,326
福田悟志Q7-6○,1,0.0,0.0,1.0866963747280363e-61,0.00031928480256891776,324
トダ戸田隆道Q12-6○,1,0.0,0.0,1.0866963747280363e-61,0.00031928480256891776,323
ネイ根石将人P10-6○,1,0.0,0.0,1.0866963747280363e-61,0.00031928480256891776,322
石渡太智A3-1○,1,0.0,0.0,1.0866963747280363e-61,0.00031928480256891776,321
永塚光一B2-4○,1,0.0,0.0,1.0866963747280363e-61,0.00031928480256891776,319
カス春日淳P9-4,1,0.0,0.0,1.0866963747280363e-61,0.00031928480256891776,318
イズ出羽達也Q2-4,1,0.0,0.0,1.0866963747280363e-61,0.00031928480256891776,317
吉田晶Q10-6○,1,0.0,0.0,1.0866963747280363e-61,0.00031928480256891776,315
A9:機械学習(4),1,0.0,0.0,1.0866963747280363e-61,0.00031928480256891776,314
武田直人B10-3,1,0.0,0.0,1.0866963747280363e-61,0.00031928480256891776,313
大町真一郎Q9-12,1,0.0,0.0,1.0866963747280363e-61,0.00031928480256891776,312
キヤ木山朔P10-3○,1,0.0,0.0,1.0866963747280363e-61,0.00031928480256891776,311
鈴木慶二P1-3,1,0.0,0.0,1.0866963747280363e-61,0.00031928480256891776,310
大矢一穂Q12-13○,1,0.0,0.0,1.0866963747280363e-61,0.00031928480256891776,309
長裕樹P1-10,1,0.0,0.0,1.0866963747280363e-61,0.00031928480256891776,308
関根基樹P1-3,1,0.0,0.0,1.0866963747280363e-61,0.00031928480256891776,306
コザ古崎晃司Q6-7,1,0.0,0.0,1.0866963747280363e-61,0.00031928480256891776,305
原島純Q2-3,1,0.0,0.0,1.0866963747280363e-61,0.00031928480256891776,302
コボ小堀智祥A11-5○,1,0.0,0.0,1.0866963747280363e-61,0.00031928480256891776,301
久保理恵子Q3-8,1,0.0,0.0,1.0866963747280363e-61,0.00031928480256891776,300
アン按田将吾C6-5,1,0.0,0.0,1.0866963747280363e-61,0.00031928480256891776,299
バトバトラーアラステアC10-4,1,0.0,0.0,1.0866963747280363e-61,0.00031928480256891776,298
川島寛乃B5-2,1,0.0,0.0,1.0866963747280363e-61,0.00031928480256891776,297
ボク卜秋予D4-3,1,0.0,0.0,1.0866963747280363e-61,0.00031928480256891776,325
芝原隆善Q6-7○,1,0.0,0.0,1.0866963747280363e-61,0.00031928480256891776,327
C9:意味解析(1),1,0.0,0.0,1.0866963747280363e-61,0.00031928480256891776,293
小林汰一郎B3-5○,1,0.0,0.0,1.0866963747280363e-61,0.00031928480256891776,328
大畑和也Q1-11,1,0.0,0.0,1.0866963747280363e-61,0.00031928480256891776,356
岡田明久P1-4,1,0.0,0.0,1.0866963747280363e-61,0.00031928480256891776,355
杉本徹P12-1,1,0.0,0.0,1.0866963747280363e-61,0.00031928480256891776,354
タシ田所佑一Q11-8○,1,0.0,0.0,1.0866963747280363e-61,0.00031928480256891776,353
島森瑛貴P4-1○,1,0.0,0.0,1.0866963747280363e-61,0.00031928480256891776,352
C7:教育応用(3),1,0.0,0.0,1.0866963747280363e-61,0.00031928480256891776,351
参加者交流イベント展示場,1,0.0,0.0,1.0866963747280363e-61,0.00031928480256891776,350
ハシ橋口卓弥P4-11○,1,0.0,0.0,1.0866963747280363e-61,0.00031928480256891776,349
渡邊清子P11-1○,1,0.0,0.0,1.0866963747280363e-61,0.00031928480256891776,348
スヤ須山晃平P3-2○,1,0.0,0.0,1.0866963747280363e-61,0.00031928480256891776,347
コウ康鑫H2-4,1,0.0,0.0,1.0866963747280363e-61,0.00031928480256891776,346
上村旺生B4-5,1,0.0,0.0,1.0866963747280363e-61,0.00031928480256891776,345
西村柾人Q6-8○,1,0.0,0.0,1.0866963747280363e-61,0.00031928480256891776,344
林則序D12-1,1,0.0,0.0,1.0866963747280363e-61,0.00031928480256891776,343
A2:翻訳(2),1,0.0,0.0,1.0866963747280363e-61,0.00031928480256891776,340
大沼俊輔Q2-7,1,0.0,0.0,1.0866963747280363e-61,0.00031928480256891776,338
西脇一尊Q2-7○,1,0.0,0.0,1.0866963747280363e-61,0.00031928480256891776,337
ハナ花房竜馬Q4-4○,1,0.0,0.0,1.0866963747280363e-61,0.00031928480256891776,336
田辺利文Q11-10,1,0.0,0.0,1.0866963747280363e-61,0.00031928480256891776,335
鈴木丈慈Q9-13,1,0.0,0.0,1.0866963747280363e-61,0.00031928480256891776,334
中村伊知哉P12-9,1,0.0,0.0,1.0866963747280363e-61,0.00031928480256891776,333
石月由紀子D1-3○,1,0.0,0.0,1.0866963747280363e-61,0.00031928480256891776,331
ソン孫鵬P12-10○,1,0.0,0.0,1.0866963747280363e-61,0.00031928480256891776,330
大熊智子Q2-4,1,0.0,0.0,1.0866963747280363e-61,0.00031928480256891776,295
佐藤翔悦P8-2,1,0.0,0.0,1.0866963747280363e-61,0.00031928480256891776,292
五十嵐正尚Q7-8,1,0.0,0.0,1.0866963747280363e-61,0.00031928480256891776,220
秋吉亮太D2-4,1,0.0,0.0,1.0866963747280363e-61,0.00031928480256891776,250
満石風斗Q11-5○,1,0.0,0.0,1.0866963747280363e-61,0.00031928480256891776,247
山田晃士C12-4○,1,0.0,0.0,1.0866963747280363e-61,0.00031928480256891776,246
シカ志方脩B9-3○,1,0.0,0.0,1.0866963747280363e-61,0.00031928480256891776,245
アツ渥美雅保B2-4,1,0.0,0.0,1.0866963747280363e-61,0.00031928480256891776,244
チン陳宙斯P3-7○,1,0.0,0.0,1.0866963747280363e-61,0.00031928480256891776,242
ナス那須川哲哉Q2-14,1,0.0,0.0,1.0866963747280363e-61,0.00031928480256891776,240
山田隆弘D1-1○,1,0.0,0.0,1.0866963747280363e-61,0.00031928480256891776,239
森田一P12-5○,1,0.0,0.0,1.0866963747280363e-61,0.00031928480256891776,237
川原一修D9-4○,1,0.0,0.0,1.0866963747280363e-61,0.00031928480256891776,236
シモ下山翔Q12-5○,1,0.0,0.0,1.0866963747280363e-61,0.00031928480256891776,235
安藤まやB6-2,1,0.0,0.0,1.0866963747280363e-61,0.00031928480256891776,234
中田和秀A4-1,1,0.0,0.0,1.0866963747280363e-61,0.00031928480256891776,233
佐藤京也D4-1,1,0.0,0.0,1.0866963747280363e-61,0.00031928480256891776,232
林晃平D9-2,1,0.0,0.0,1.0866963747280363e-61,0.00031928480256891776,231
ハス蓮池隆D10-2,1,0.0,0.0,1.0866963747280363e-61,0.00031928480256891776,230
須藤百香Q3-8○,1,0.0,0.0,1.0866963747280363e-61,0.00031928480256891776,229
コレ惟高日向P10-7○,1,0.0,0.0,1.0866963747280363e-61,0.00031928480256891776,228
A3:評判・感情・文書分析(1),1,0.0,0.0,1.0866963747280363e-61,0.00031928480256891776,227
村山実和子P3-12,1,0.0,0.0,1.0866963747280363e-61,0.00031928480256891776,225
H2:対話(2),1,0.0,0.0,1.0866963747280363e-61,0.00031928480256891776,224
ヤノ矢野千紘P4-8○,1,0.0,0.0,1.0866963747280363e-61,0.00031928480256891776,223
A5:音声・推論・説明可能性,1,0.0,0.0,1.0866963747280363e-61,0.00031928480256891776,222
ノナ野中尋史Q4-5,1,0.0,0.0,1.0866963747280363e-61,0.00031928480256891776,221
高橋力斗B8-5○,1,0.0,0.0,1.0866963747280363e-61,0.00031928480256891776,248
村上夏輝B6-3○,1,0.0,0.0,1.0866963747280363e-61,0.00031928480256891776,251
福本拓也Q7-8○,1,0.0,0.0,1.0866963747280363e-61,0.00031928480256891776,290
平澤陸斗P3-10,1,0.0,0.0,1.0866963747280363e-61,0.00031928480256891776,252
タン譚匡桓Q1-13,1,0.0,0.0,1.0866963747280363e-61,0.00031928480256891776,288
趙陽P1-1,1,0.0,0.0,1.0866963747280363e-61,0.00031928480256891776,286
川端良子B11-3,1,0.0,0.0,1.0866963747280363e-61,0.00031928480256891776,285
ジョ徐勝P11-13○,1,0.0,0.0,1.0866963747280363e-61,0.00031928480256891776,284
上田紗綾C12-1○,1,0.0,0.0,1.0866963747280363e-61,0.00031928480256891776,282
H1:対話(1),1,0.0,0.0,1.0866963747280363e-61,0.00031928480256891776,281
スド須藤栄一A11-3,1,0.0,0.0,1.0866963747280363e-61,0.00031928480256891776,1
ヨウ姚子凡Q1-13,1,0.0,0.0,1.0866963747280363e-61,0.00031928480256891776,280
牧野雅紘A5-5○,1,0.0,0.0,1.0866963747280363e-61,0.00031928480256891776,279
佐々木裕多Q4-14○,1,0.0,0.0,1.0866963747280363e-61,0.00031928480256891776,278
白井圭佑Q11-9○,1,0.0,0.0,1.0866963747280363e-61,0.00031928480256891776,277
飯塚慎也Q12-1,1,0.0,0.0,1.0866963747280363e-61,0.00031928480256891776,276
メラ目良和也A5-1,1,0.0,0.0,1.0866963747280363e-61,0.00031928480256891776,274
Q7:社会と言語(4),1,0.0,0.0,1.0866963747280363e-61,0.00031928480256891776,272
ツボ坪井辰馬Q9-13,1,0.0,0.0,1.0866963747280363e-61,0.00031928480256891776,271
杉山弘晃C11-2,1,0.0,0.0,1.0866963747280363e-61,0.00031928480256891776,270
赤迫健太B4-5,1,0.0,0.0,1.0866963747280363e-61,0.00031928480256891776,264
松原拓磨Q2-13○,1,0.0,0.0,1.0866963747280363e-61,0.00031928480256891776,262
守山慧P9-7○,1,0.0,0.0,1.0866963747280363e-61,0.00031928480256891776,260
岡崎威生D5-2,1,0.0,0.0,1.0866963747280363e-61,0.00031928480256891776,258
高野海斗D10-4○,1,0.0,0.0,1.0866963747280363e-61,0.00031928480256891776,257
アサ浅田宗磨P4-10○,1,0.0,0.0,1.0866963747280363e-61,0.00031928480256891776,256
德永由布子B4-5,1,0.0,0.0,1.0866963747280363e-61,0.00031928480256891776,254
山田優A6-3,1,0.0,0.0,1.0866963747280363e-61,0.00031928480256891776,61
