Id,Label,Papers,Degree,Betweenness,Eigenvector,PageRank,Community
,,13,0.0,0.0,1.0866963747280363e-61,0.00031928480256891776,0
スド須藤栄一A11-3,スド須藤栄一A11-3,1,0.0,0.0,1.0866963747280363e-61,0.00031928480256891776,1
C12-5,C12-5,1,0.0027247956403269754,0.0,3.731371759474187e-31,0.0021285653465685506,2
深津聡世D7-1○,深津聡世D7-1○,1,0.0,0.0,1.0866963747280363e-61,0.00031928480256891776,3
山本覚Q9-1,山本覚Q9-1,1,0.0,0.0,1.0866963747280363e-61,0.00031928480256891776,4
C12-2,C12-2,1,0.0027247956403269754,0.0,3.731371759474187e-31,0.0021285653465685506,2
成松宏美C11-1,成松宏美C11-1,1,0.0,0.0,1.0866963747280363e-61,0.00031928480256891776,5
○西村 太一,○西村 太一,1,0.009536784741144414,0.0,0.0006821303699643777,0.0021285653465685497,6
進藤優P8-8○,進藤優P8-8○,1,0.0,0.0,1.0866963747280363e-61,0.00031928480256891776,7
Song,Song,1,0.0013623978201634877,0.0,2.0046009910436058e-42,0.0021285653465685506,8
B10-4,B10-4,1,0.006811989100817439,0.0,6.8831659890887665e-12,0.0021285653465685514,9
C3-3,C3-3,1,0.0013623978201634877,0.0,2.0046009910436058e-42,0.0021285653465685506,10
佐藤宏P11-8,佐藤宏P11-8,1,0.0,0.0,1.0866963747280363e-61,0.00031928480256891776,11
C5:含意・言い換え(2),C5:含意・言い換え(2),1,0.0,0.0,1.0866963747280363e-61,0.00031928480256891776,12
小林悟郎C3-4,小林悟郎C3-4,1,0.0013623978201634877,0.0,2.0046009910436058e-42,0.0021285653465685506,13
清水聖司H11-2○,清水聖司H11-2○,1,0.0,0.0,1.0866963747280363e-61,0.00031928480256891776,14
林部祐太P8-12○,林部祐太P8-12○,1,0.0,0.0,1.0866963747280363e-61,0.00031928480256891776,15
D3-4○,D3-4○,1,0.005449591280653951,0.0,3.619326208694124e-05,0.0015147094380043276,38
新保彰人A7-2○,新保彰人A7-2○,1,0.0,0.0,1.0866963747280363e-61,0.00031928480256891776,17
H2-5○,H2-5○,1,0.0013623978201634877,0.0,2.0046009910436058e-42,0.0021285653465685506,18
P9-9,P9-9,1,0.0027247956403269754,0.0,3.731371759474187e-31,0.0021285653465685506,19
モト元川凱喜B9-4,モト元川凱喜B9-4,1,0.0,0.0,1.0866963747280363e-61,0.00031928480256891776,20
招待講演,招待講演,1,0.0,0.0,1.0866963747280363e-61,0.00031928480256891776,21
東山翔平B11-1,東山翔平B11-1,1,0.004087193460490463,0.0,1.2384749321722205e-08,0.0015689441247444835,22
TianqiQ6-13○,TianqiQ6-13○,1,0.0013623978201634877,0.0,7.383933030115713e-34,0.0014669339187378028,23
橋本隆子A10-1,橋本隆子A10-1,1,0.0,0.0,1.0866963747280363e-61,0.00031928480256891776,24
宮西大樹H12-5,宮西大樹H12-5,1,0.0,0.0,1.0866963747280363e-61,0.00031928480256891776,25
P4-12,P4-12,1,0.006811989100817439,0.0,6.8831659890887665e-12,0.0021285653465685514,26
奥田 奈津子,奥田 奈津子,1,0.009536784741144414,0.0,0.0006821303699643777,0.0021285653465685497,6
H4:生成(2),H4:生成(2),1,0.0,0.0,1.0866963747280363e-61,0.00031928480256891776,27
栗原健太郎Q8-5○,栗原健太郎Q8-5○,1,0.0013623978201634877,0.0,2.0046009910436058e-42,0.0021285653465685506,28
H6:対話(3),H6:対話(3),1,0.0,0.0,1.0866963747280363e-61,0.00031928480256891776,29
Q2:知識獲得・情報抽出(1),Q2:知識獲得・情報抽出(1),1,0.0,0.0,1.0866963747280363e-61,0.00031928480256891776,30
A10-1,A10-1,3,0.006811989100817439,2.602124076710618e-05,7.386717002495611e-22,0.003942294652226723,31
B12-1,B12-1,2,0.010899182561307902,0.0001226715636163577,4.7899473640913805e-08,0.003393641730529305,22
横尾修平B7-4○,横尾修平B7-4○,1,0.0,0.0,1.0866963747280363e-61,0.00031928480256891776,33
Lu,Lu,1,0.0013623978201634877,0.0,2.0046009910436058e-42,0.0021285653465685506,34
森村哲郎Q12-5,森村哲郎Q12-5,1,0.0013623978201634877,0.0,2.0046009910436058e-42,0.0021285653465685506,35
藤田守太Q10-9○,藤田守太Q10-9○,1,0.0,0.0,1.0866963747280363e-61,0.00031928480256891776,36
C6:教育応用(2),C6:教育応用(2),1,0.0,0.0,1.0866963747280363e-61,0.00031928480256891776,37
ヤナ谷中瞳D1-4,ヤナ谷中瞳D1-4,1,0.008174386920980926,0.0,7.115852127300744e-05,0.0019967483388195076,38
廣中詩織A4-5,廣中詩織A4-5,1,0.0,0.0,1.0866963747280363e-61,0.00031928480256891776,39
P2-7,P2-7,1,0.004087193460490463,0.0,4.689931298455065e-19,0.0018935938473142705,294
スポンサーイブニングH会場,スポンサーイブニングH会場,1,0.0013623978201634877,0.0,2.0046009910436058e-42,0.0021285653465685506,41
P6-1○,P6-1○,1,0.004087193460490463,0.0,1.2384749321722205e-08,0.0015689441247444835,22
Luis E CA10-1,Luis E CA10-1,1,0.0013623978201634877,0.0,2.0046009910436058e-42,0.0021285653465685506,42
ゴ 呉宗翰H5-5○,ゴ 呉宗翰H5-5○,1,0.0,0.0,1.0866963747280363e-61,0.00031928480256891776,43
コヤ小谷野華那D1-4○,コヤ小谷野華那D1-4○,1,0.0,0.0,1.0866963747280363e-61,0.00031928480256891776,44
金田大海Q7-9○,金田大海Q7-9○,1,0.0,0.0,1.0866963747280363e-61,0.00031928480256891776,45
Wu,Wu,1,0.0013623978201634877,0.0,2.0046009910436058e-42,0.0021285653465685506,46
プタプタシンスキ・ミハウA12-3,プタプタシンスキ・ミハウA12-3,1,0.0,0.0,1.0866963747280363e-61,0.00031928480256891776,47
D8-3,D8-3,1,0.0013623978201634877,0.0,2.0046009910436058e-42,0.0021285653465685506,48
落合哉人Q10-1○,落合哉人Q10-1○,1,0.0,0.0,1.0866963747280363e-61,0.00031928480256891776,49
D10-3,D10-3,1,0.006811989100817439,0.0,6.8831659890887665e-12,0.0021285653465685514,50
木村周平C9-2,木村周平C9-2,1,0.0,0.0,1.0866963747280363e-61,0.00031928480256891776,51
C10:意味解析(2),C10:意味解析(2),1,0.0,0.0,1.0866963747280363e-61,0.00031928480256891776,52
伊藤眞里P12-8,伊藤眞里P12-8,1,0.0,0.0,1.0866963747280363e-61,0.00031928480256891776,53
Q4-10,Q4-10,3,0.012261580381471389,4.832516142462576e-05,7.567550628082047e-06,0.003875067088158282,81
加納保昌P6-2○,加納保昌P6-2○,1,0.0013623978201634877,0.0,2.0046009910436058e-42,0.0021285653465685506,55
スガ菅原朔A12-5,スガ菅原朔A12-5,1,0.0027247956403269754,0.0,4.836705150441095e-12,0.001250531723940369,56
中村栞P9-4,中村栞P9-4,1,0.0,0.0,1.0866963747280363e-61,0.00031928480256891776,57
GoD6-1○,GoD6-1○,1,0.0013623978201634877,0.0,2.0046009910436058e-42,0.0021285653465685506,58
石原祥太郎Q2-2○,石原祥太郎Q2-2○,1,0.0013623978201634877,0.0,2.0046009910436058e-42,0.0021285653465685506,59
H6-1,H6-1,2,0.010899182561307902,5.310457299409424e-07,0.3398200045361532,0.0025161763995199915,60
Mim,Mim,1,0.0027247956403269754,0.0,1.2328796061518395e-08,0.0011605879341108453,22
峯島宏次D1-4,峯島宏次D1-4,1,0.004087193460490463,0.0,3.697836145168593e-23,0.0021285653465685506,62
天谷武琉D7-5,天谷武琉D7-5,1,0.0,0.0,1.0866963747280363e-61,0.00031928480256891776,63
村岡雅康P1-1○,村岡雅康P1-1○,1,0.0,0.0,1.0866963747280363e-61,0.00031928480256891776,64
Zhu,Zhu,1,0.0013623978201634877,0.0,2.0046009910436058e-42,0.0021285653465685506,65
橋本 敦史,橋本 敦史,1,0.009536784741144414,0.0,0.0006821303699643777,0.0021285653465685497,6
森田武史B9-3,森田武史B9-3,1,0.0013623978201634877,0.0,2.0046009910436058e-42,0.0021285653465685506,66
山岸駿秀Q8-2○,山岸駿秀Q8-2○,1,0.0,0.0,1.0866963747280363e-61,0.00031928480256891776,67
ワタ渡邉寛大P8-1○,ワタ渡邉寛大P8-1○,1,0.0,0.0,1.0866963747280363e-61,0.00031928480256891776,68
村脇有吾A1-5,村脇有吾A1-5,1,0.0027247956403269754,0.0,3.731371759474187e-31,0.0021285653465685506,69
C8-2○,C8-2○,1,0.004087193460490463,0.0,3.697836145168593e-23,0.0021285653465685506,70
ワダ和田和浩P1-5○,ワダ和田和浩P1-5○,1,0.0,0.0,1.0866963747280363e-61,0.00031928480256891776,71
シナ品川政太朗H2-2,シナ品川政太朗H2-2,1,0.0027247956403269754,0.0,3.731371759474187e-31,0.0021285653465685506,72
松井鉄平B5-2,松井鉄平B5-2,1,0.0,0.0,1.0866963747280363e-61,0.00031928480256891776,73
笹沢裕一H3-2○,笹沢裕一H3-2○,1,0.0,0.0,1.0866963747280363e-61,0.00031928480256891776,74
IlkerQ9-3,IlkerQ9-3,1,0.0013623978201634877,0.0,2.0046009910436058e-42,0.0021285653465685506,75
C3:埋め込み表現(1),C3:埋め込み表現(1),1,0.0,0.0,1.0866963747280363e-61,0.00031928480256891776,76
ミズ水木栄C3-1○,ミズ水木栄C3-1○,1,0.0,0.0,1.0866963747280363e-61,0.00031928480256891776,77
C11-4,C11-4,1,0.0013623978201634877,0.0,2.0046009910436058e-42,0.0021285653465685506,78
オハ小原孝介Q2-5,オハ小原孝介Q2-5,1,0.0013623978201634877,0.0,2.0046009910436058e-42,0.0021285653465685506,79
窪田悠介D12-1○,窪田悠介D12-1○,1,0.0,0.0,1.0866963747280363e-61,0.00031928480256891776,80
高村大也H3-1,高村大也H3-1,1,0.008174386920980926,0.0,6.500063023334631e-06,0.0021542596690621637,81
A11-4,A11-4,2,0.004087193460490463,7.434640219173194e-06,1.5090575088259245e-29,0.0031225064592628584,82
Q3-11,Q3-11,1,0.0027247956403269754,0.0,3.731371759474187e-31,0.0021285653465685506,83
松下佳世A6-3,松下佳世A6-3,1,0.0,0.0,1.0866963747280363e-61,0.00031928480256891776,84
Choudhary,Choudhary,1,0.0013623978201634877,0.0,2.0046009910436058e-42,0.0021285653465685506,85
川上孝介H4-3,川上孝介H4-3,1,0.0013623978201634877,0.0,2.0046009910436058e-42,0.0021285653465685506,86
テラ寺西裕紀Q6-7,テラ寺西裕紀Q6-7,1,0.0,0.0,1.0866963747280363e-61,0.00031928480256891776,87
赤間 怜奈,赤間 怜奈,1,0.005449591280653951,0.0,5.890992851561289e-17,0.0021285653465685506,88
ウツ内海祥雅A4-1,ウツ内海祥雅A4-1,1,0.0,0.0,1.0866963747280363e-61,0.00031928480256891776,89
P7-8,P7-8,4,0.005449591280653951,2.230392065751958e-05,5.59705763921128e-31,0.005105906771806914,90
B7-3○,B7-3○,1,0.0027247956403269754,0.0,1.2896974079047096e-29,0.0020938879166651696,82
ZikaiP7-5○,ZikaiP7-5○,1,0.0013623978201634877,0.0,2.917311283060032e-37,0.0016323417756954899,91
アリ有木康雄P8-4,アリ有木康雄P8-4,1,0.0013623978201634877,0.0,2.917311283060032e-37,0.0016323417756954903,92
ShanshanQ2-11○,ShanshanQ2-11○,1,0.004087193460490463,0.0,3.697836145168593e-23,0.0021285653465685506,93
Ng,Ng,1,0.0013623978201634877,0.0,2.0046009910436058e-42,0.0021285653465685506,94
P11-3,P11-3,1,0.0013623978201634877,0.0,2.0046009910436058e-42,0.0021285653465685506,86
RitvikH6-3○,RitvikH6-3○,1,0.0013623978201634877,0.0,2.0046009910436058e-42,0.0021285653465685506,85
浅野孝平Q7-11○,浅野孝平Q7-11○,1,0.0,0.0,1.0866963747280363e-61,0.00031928480256891776,95
イソ磯暁B5-2,イソ磯暁B5-2,1,0.0013623978201634877,0.0,2.917311283060032e-37,0.0016323417756954903,96
中山功太B6-2,中山功太B6-2,1,0.0013623978201634877,0.0,2.0046009910436058e-42,0.0021285653465685506,97
隅田飛鳥B6-2,隅田飛鳥B6-2,1,0.0,0.0,1.0866963747280363e-61,0.00031928480256891776,98
SukminB7-4,SukminB7-4,1,0.0013623978201634877,0.0,2.0046009910436058e-42,0.0021285653465685506,99
IkukoP7-12,IkukoP7-12,1,0.0013623978201634877,0.0,2.0046009910436058e-42,0.0021285653465685506,100
ニイ新国佳祐Q10-5,ニイ新国佳祐Q10-5,1,0.0013623978201634877,0.0,2.0046009910436058e-42,0.0021285653465685506,101
H3-4,H3-4,1,0.008174386920980926,0.0,6.500063023334631e-06,0.0021542596690621637,81
Feng,Feng,1,0.0013623978201634877,0.0,2.0046009910436058e-42,0.0021285653465685506,102
久野雅樹Q10-3,久野雅樹Q10-3,1,0.0027247956403269754,0.0,3.731371759474187e-31,0.0021285653465685506,103
P3-12○,P3-12○,1,0.004087193460490463,0.0,1.4909301582073667e-22,0.0022193209841426475,104
Q3-1,Q3-1,1,0.005449591280653951,0.0,5.890992851561289e-17,0.0021285653465685506,105
Yin JouH1-3,Yin JouH1-3,1,0.004087193460490463,0.0,3.697836145168593e-23,0.0021285653465685506,106
C9-1,C9-1,1,0.008174386920980926,0.0,7.115852127300744e-05,0.0019967483388195076,38
キタ北研二A10-4,キタ北研二A10-4,1,0.0,0.0,1.0866963747280363e-61,0.00031928480256891776,107
クシ久島務嗣B4-2○,クシ久島務嗣B4-2○,1,0.0,0.0,1.0866963747280363e-61,0.00031928480256891776,108
クロ黒木裕鷹D9-3,クロ黒木裕鷹D9-3,1,0.0,0.0,1.0866963747280363e-61,0.00031928480256891776,109
長井慶成Q4-13○,長井慶成Q4-13○,1,0.0,0.0,1.0866963747280363e-61,0.00031928480256891776,110
平山高嗣Q10-6,平山高嗣Q10-6,1,0.0013623978201634877,0.0,2.79852881960564e-31,0.0013842299902589597,90
D6-5,D6-5,1,0.0027247956403269754,0.0,3.731371759474187e-31,0.0021285653465685506,69
YoungminB7-4,YoungminB7-4,1,0.0013623978201634877,0.0,2.0046009910436058e-42,0.0021285653465685506,111
D11-2,D11-2,1,0.0013623978201634877,0.0,2.0046009910436058e-42,0.0021285653465685506,59
P4-6,P4-6,1,0.0013623978201634877,0.0,2.0046009910436058e-42,0.0021285653465685506,112
キノ木下聖D10-3○,キノ木下聖D10-3○,1,0.0,0.0,1.0866963747280363e-61,0.00031928480256891776,113
吉永直樹C2-5○,吉永直樹C2-5○,1,0.004087193460490463,0.0,6.273701603042509e-22,0.0022833901066949183,31
Wang,Wang,3,0.004087193460490463,1.115196032875979e-05,1.2789347167846426e-33,0.004113459630060792,23
井之上直也Q1-7,井之上直也Q1-7,1,0.006811989100817439,0.0,4.2489409994118596e-08,0.0020688852344447257,22
小林尚輝Q3-1,小林尚輝Q3-1,1,0.0013623978201634877,0.0,2.0046009910436058e-42,0.0021285653465685506,114
D10-1,D10-1,2,0.004087193460490463,7.434640219173194e-06,1.509057508825925e-29,0.0031225064592628584,115
佐野雅規P10-9,佐野雅規P10-9,1,0.0,0.0,1.0866963747280363e-61,0.00031928480256891776,116
Kāle,Kāle,1,0.0013623978201634877,0.0,2.0046009910436058e-42,0.0021285653465685506,117
シン新里顕大H1-4,シン新里顕大H1-4,1,0.004087193460490463,0.0,1.1295032750256091e-17,0.001912889485593048,118
アオ青木洋一A5-4○,アオ青木洋一A5-4○,1,0.0013623978201634877,0.0,6.953904916352661e-30,0.0012039790936810043,119
P2-1,P2-1,1,0.006811989100817439,0.0,6.8831659890887665e-12,0.0021285653465685514,50
イワ岩井千妃呂A3-5,イワ岩井千妃呂A3-5,1,0.0,0.0,1.0866963747280363e-61,0.00031928480256891776,120
Coyne,Coyne,1,0.0027247956403269754,0.0,3.731371759474187e-31,0.0021285653465685506,121
クマ熊田孝恒Q7-5,クマ熊田孝恒Q7-5,1,0.0,0.0,1.0866963747280363e-61,0.00031928480256891776,122
オギ荻野正樹Q11-7,オギ荻野正樹Q11-7,1,0.0013623978201634877,0.0,2.0046009910436058e-42,0.0021285653465685506,123
H9:生成(4),H9:生成(4),1,0.0,0.0,1.0866963747280363e-61,0.00031928480256891776,124
齋藤結P8-7○,齋藤結P8-7○,1,0.0,0.0,1.0866963747280363e-61,0.00031928480256891776,125
ヤス安田有希Q3-11○,ヤス安田有希Q3-11○,1,0.0,0.0,1.0866963747280363e-61,0.00031928480256891776,126
イナ稲田和明Q7-11,イナ稲田和明Q7-11,1,0.0013623978201634877,0.0,2.917311283060032e-37,0.0016323417756954903,127
長谷部陽一郎A7-4,長谷部陽一郎A7-4,1,0.0013623978201634877,0.0,2.0046009910436058e-42,0.0021285653465685506,128
ツル鶴岡慶雅Q3-10,ツル鶴岡慶雅Q3-10,1,0.006811989100817439,0.0,6.8831659890887665e-12,0.0021285653465685514,9
タニ谷和樹P12-12○,タニ谷和樹P12-12○,1,0.0,0.0,1.0866963747280363e-61,0.00031928480256891776,129
A8-2,A8-2,1,0.004087193460490463,0.0,3.697836145168593e-23,0.0021285653465685506,130
YifeiA8-4○,YifeiA8-4○,1,0.0013623978201634877,0.0,2.0046009910436058e-42,0.0021285653465685506,131
Saito,Saito,1,0.0013623978201634877,0.0,2.0046009910436058e-42,0.0021285653465685506,132
柴田千尋Q8-8,柴田千尋Q8-8,1,0.0027247956403269754,0.0,3.731371759474187e-31,0.0021285653465685506,133
展示場,展示場,1,0.0013623978201634877,0.0,2.0046009910436058e-42,0.0021285653465685506,41
小林恵大C11-1,小林恵大C11-1,1,0.0,0.0,1.0866963747280363e-61,0.00031928480256891776,134
乾 健太郎,乾 健太郎,1,0.005449591280653951,0.0,5.890992851561289e-17,0.0021285653465685506,88
A8:翻訳(4),A8:翻訳(4),1,0.0,0.0,1.0866963747280363e-61,0.00031928480256891776,135
ハヤ早川敦士D5-1,ハヤ早川敦士D5-1,1,0.0,0.0,1.0866963747280363e-61,0.00031928480256891776,136
坂根亜美Q7-8,坂根亜美Q7-8,1,0.0,0.0,1.0866963747280363e-61,0.00031928480256891776,137
ヒダ日髙昇平Q11-6,ヒダ日髙昇平Q11-6,1,0.0,0.0,1.0866963747280363e-61,0.00031928480256891776,138
P12-13,P12-13,3,0.012261580381471389,4.832516142462576e-05,7.567550628082047e-06,0.003875067088158282,81
B2-5,B2-5,1,0.004087193460490463,0.0,1.1295032750256091e-17,0.001912889485593048,118
荒瀬由紀Q1-4,荒瀬由紀Q1-4,1,0.0013623978201634877,0.0,2.0046009910436058e-42,0.0021285653465685506,112
Li,Li,2,0.0027247956403269754,3.717320109586597e-06,4.125701182167553e-37,0.003121012488314672,139
杉浦元亮B12-3,杉浦元亮B12-3,1,0.0,0.0,1.0866963747280363e-61,0.00031928480256891776,140
Shimomoto,Shimomoto,1,0.0013623978201634877,0.0,2.0046009910436058e-42,0.0021285653465685506,141
川原田将之Q4-7○,川原田将之Q4-7○,1,0.0,0.0,1.0866963747280363e-61,0.00031928480256891776,142
Q12-7,Q12-7,1,0.0027247956403269754,0.0,3.731371759474187e-31,0.0021285653465685506,72
田口亮C6-1,田口亮C6-1,1,0.0013623978201634877,0.0,2.0046009910436058e-42,0.0021285653465685506,143
Brian KenjiC10-2,Brian KenjiC10-2,1,0.0013623978201634877,0.0,2.0046009910436058e-42,0.0021285653465685506,144
大野誠寛H8-3,大野誠寛H8-3,1,0.0027247956403269754,0.0,3.731371759474187e-31,0.0021285653465685506,145
岩田憲治B4-2,岩田憲治B4-2,1,0.0,0.0,1.0866963747280363e-61,0.00031928480256891776,146
D10-5○,D10-5○,1,0.0013623978201634877,0.0,2.0046009910436058e-42,0.0021285653465685506,147
飯沼瑞稀C9-3○,飯沼瑞稀C9-3○,1,0.0,0.0,1.0866963747280363e-61,0.00031928480256891776,148
西田京介H5-4,西田京介H5-4,1,0.0027247956403269754,0.0,1.2896974079047096e-29,0.0020938879166651696,82
磯野真之介D4-5,磯野真之介D4-5,1,0.0,0.0,1.0866963747280363e-61,0.00031928480256891776,149
松井颯汰Q1-2○,松井颯汰Q1-2○,1,0.0,0.0,1.0866963747280363e-61,0.00031928480256891776,150
郷原聖士C5-4○,郷原聖士C5-4○,1,0.0,0.0,1.0866963747280363e-61,0.00031928480256891776,151
白井穂乃D11-2,白井穂乃D11-2,1,0.0,0.0,1.0866963747280363e-61,0.00031928480256891776,152
篠山学H2-4○,篠山学H2-4○,1,0.0,0.0,1.0866963747280363e-61,0.00031928480256891776,153
B9-2,B9-2,1,0.0027247956403269754,0.0,3.731371759474187e-31,0.0021285653465685506,154
YunmengA9-5○,YunmengA9-5○,1,0.0013623978201634877,0.0,2.917311283060032e-37,0.0016323417756954899,139
岡林遥平Q7-12,岡林遥平Q7-12,1,0.0,0.0,1.0866963747280363e-61,0.00031928480256891776,155
TerumasaQ10-13○,TerumasaQ10-13○,1,0.0013623978201634877,0.0,2.0046009910436058e-42,0.0021285653465685506,156
P9-2,P9-2,1,0.0027247956403269754,0.0,3.731371759474187e-31,0.0021285653465685506,103
オカ岡照晃Q2-8,オカ岡照晃Q2-8,1,0.005449591280653951,0.0,5.890992851561289e-17,0.0021285653465685506,157
P12-9,P12-9,1,0.004087193460490463,0.0,3.697836145168593e-23,0.0021285653465685506,93
H7:対話(4),H7:対話(4),1,0.0,0.0,1.0866963747280363e-61,0.00031928480256891776,158
B5-5,B5-5,1,0.0013623978201634877,0.0,2.0046009910436058e-42,0.0021285653465685506,159
Q6-6,Q6-6,1,0.004087193460490463,0.0,1.4909301582073672e-22,0.002219320984142648,160
セキ関口拓海B1-4○,セキ関口拓海B1-4○,1,0.0,0.0,1.0866963747280363e-61,0.00031928480256891776,161
C11-5,C11-5,1,0.0027247956403269754,0.0,3.731371759474187e-31,0.0021285653465685506,162
金子正弘H4-5○,金子正弘H4-5○,1,0.0027247956403269754,0.0,3.731371759474187e-31,0.0021285653465685506,163
Dong,Dong,1,0.0013623978201634877,0.0,2.0046009910436058e-42,0.0021285653465685506,164
西口純代P3-10○,西口純代P3-10○,1,0.0027247956403269754,0.0,3.731371759474187e-31,0.0021285653465685506,19
麻場直喜H9-4○,麻場直喜H9-4○,1,0.0,0.0,1.0866963747280363e-61,0.00031928480256891776,166
P6-7,P6-7,1,0.006811989100817439,0.0,6.8831659890887665e-12,0.0021285653465685514,9
B12-2○,B12-2○,1,0.0013623978201634877,0.0,2.0046009910436058e-42,0.0021285653465685506,167
C5-2,C5-2,1,0.004087193460490463,0.0,1.4909301582073672e-22,0.002219320984142648,160
アラ荒金究Q7-1○,アラ荒金究Q7-1○,1,0.0,0.0,1.0866963747280363e-61,0.00031928480256891776,168
H8-4,H8-4,1,0.004087193460490463,0.0,1.1295032750256091e-17,0.001912889485593048,118
ウダ宇田川拓真B4-1○,ウダ宇田川拓真B4-1○,1,0.0,0.0,1.0866963747280363e-61,0.00031928480256891776,169
オヤ小山田昌史Q8-4,オヤ小山田昌史Q8-4,1,0.0,0.0,1.0866963747280363e-61,0.00031928480256891776,170
P7-1,P7-1,1,0.0027247956403269754,0.0,3.731371759474187e-31,0.0021285653465685506,103
松崎拓也C1-3,松崎拓也C1-3,1,0.0013623978201634877,0.0,2.0046009910436058e-42,0.0021285653465685506,10
髙野志歩Q3-6○,髙野志歩Q3-6○,1,0.0,0.0,1.0866963747280363e-61,0.00031928480256891776,171
A4:検索・文書分類(2),A4:検索・文書分類(2),1,0.0,0.0,1.0866963747280363e-61,0.00031928480256891776,172
C8-5,C8-5,1,0.0027247956403269754,0.0,3.731371759474187e-31,0.0021285653465685506,173
小磯花絵D6-2,小磯花絵D6-2,1,0.0,0.0,1.0866963747280363e-61,0.00031928480256891776,174
石川隆一Q9-1,石川隆一Q9-1,1,0.0,0.0,1.0866963747280363e-61,0.00031928480256891776,175
A12:質問応答(3),A12:質問応答(3),1,0.0,0.0,1.0866963747280363e-61,0.00031928480256891776,176
山田育矢Q6-7,山田育矢Q6-7,1,0.0,0.0,1.0866963747280363e-61,0.00031928480256891776,177
大城絢子D5-2○,大城絢子D5-2○,1,0.0,0.0,1.0866963747280363e-61,0.00031928480256891776,178
マエ前川在Q3-1○,マエ前川在Q3-1○,1,0.0013623978201634877,0.0,2.0046009910436058e-42,0.0021285653465685506,179
Naradowsky,Naradowsky,1,0.0013623978201634877,0.0,2.0046009910436058e-42,0.0021285653465685506,180
鈴木雅人P11-2○,鈴木雅人P11-2○,1,0.0,0.0,1.0866963747280363e-61,0.00031928480256891776,181
B11-5,B11-5,1,0.006811989100817439,0.0,6.8831659890887665e-12,0.0021285653465685514,50
P2-9,P2-9,1,0.0013623978201634877,0.0,2.0046009910436058e-42,0.0021285653465685506,182
オープニングH会場,オープニングH会場,1,0.0,0.0,1.0866963747280363e-61,0.00031928480256891776,183
XincanC4-2○,XincanC4-2○,1,0.0013623978201634877,0.0,2.0046009910436058e-42,0.0021285653465685506,102
P9-5,P9-5,1,0.005449591280653951,0.0,3.619326208694124e-05,0.0015147094380043276,38
ト 杜彬Q12-4○,ト 杜彬Q12-4○,1,0.0,0.0,1.0866963747280363e-61,0.00031928480256891776,184
加藤祥太Q4-9○,加藤祥太Q4-9○,1,0.0027247956403269754,0.0,3.731371759474187e-31,0.0021285653465685506,2
シブ渋木英潔B3-4,シブ渋木英潔B3-4,1,0.0027247956403269754,0.0,3.731371759474187e-31,0.0021285653465685506,185
Q6-12,Q6-12,1,0.004087193460490463,0.0,3.697836145168593e-23,0.0021285653465685506,62
AnB3-3,AnB3-3,1,0.0013623978201634877,0.0,7.383933030115713e-34,0.0014669339187378028,23
タキ滝口哲也P8-4,タキ滝口哲也P8-4,1,0.0013623978201634877,0.0,2.917311283060032e-37,0.0016323417756954903,92
Tang,Tang,1,0.0013623978201634877,0.0,2.0046009910436058e-42,0.0021285653465685506,186
P11-7,P11-7,1,0.006811989100817439,0.0,6.8831659890887665e-12,0.002128565346568551,50
リュ劉康明A10-3,リュ劉康明A10-3,1,0.0,0.0,1.0866963747280363e-61,0.00031928480256891776,187
H8-5,H8-5,1,0.0013623978201634877,0.0,2.0046009910436058e-42,0.0021285653465685506,188
村田菜穂子P3-12,村田菜穂子P3-12,1,0.0,0.0,1.0866963747280363e-61,0.00031928480256891776,189
H11:言語処理応用(2),H11:言語処理応用(2),1,0.0,0.0,1.0866963747280363e-61,0.00031928480256891776,190
イグ井口奏大B11-1,イグ井口奏大B11-1,1,0.0,0.0,1.0866963747280363e-61,0.00031928480256891776,191
鈴木良弥P7-11,鈴木良弥P7-11,1,0.0013623978201634877,0.0,2.0046009910436058e-42,0.0021285653465685506,192
マル丸山京祐P10-12○,マル丸山京祐P10-12○,1,0.0,0.0,1.0866963747280363e-61,0.00031928480256891776,193
Q4-13,Q4-13,1,0.005449591280653951,0.0,5.890992851561289e-17,0.0021285653465685506,157
山田寛章A3-1,山田寛章A3-1,1,0.004087193460490463,0.0,3.697836145168593e-23,0.0021285653465685506,194
佐藤匠真P7-7○,佐藤匠真P7-7○,1,0.0,0.0,1.0866963747280363e-61,0.00031928480256891776,195
田中英輝A2-3,田中英輝A2-3,1,0.0013623978201634877,0.0,2.0046009910436058e-42,0.0021285653465685506,182
イヅ井筒順C1-5○,イヅ井筒順C1-5○,1,0.0,0.0,1.0866963747280363e-61,0.00031928480256891776,196
P8-8,P8-8,1,0.0027247956403269754,0.0,3.731371759474187e-31,0.0021285653465685506,133
松本悠太C4-5○,松本悠太C4-5○,1,0.0,0.0,1.0866963747280363e-61,0.00031928480256891776,197
サク作本猛Q4-5○,サク作本猛Q4-5○,1,0.0,0.0,1.0866963747280363e-61,0.00031928480256891776,198
○佐藤 志貴,○佐藤 志貴,1,0.005449591280653951,0.0,5.890992851561289e-17,0.0021285653465685506,88
ウト宇都雅輝Q1-5,ウト宇都雅輝Q1-5,1,0.0027247956403269754,0.0,3.731371759474187e-31,0.0021285653465685506,173
吉見菜那Q1-4○,吉見菜那Q1-4○,1,0.0,0.0,1.0866963747280363e-61,0.00031928480256891776,199
笹野 遼平,笹野 遼平,1,0.0027247956403269754,0.0,3.731371759474187e-31,0.0021285653465685506,200
P11-9,P11-9,1,0.008174386920980926,0.0,6.500063023334631e-06,0.0021542596690621637,81
D12-2,D12-2,1,0.008174386920980926,0.0,7.115852127300744e-05,0.0019967483388195076,38
D11-2○,D11-2○,1,0.0013623978201634877,0.0,2.0046009910436058e-42,0.0021285653465685506,201
P10-10,P10-10,1,0.006811989100817439,0.0,6.8831659890887665e-12,0.0021285653465685514,26
井手竜也H1-4○,井手竜也H1-4○,1,0.004087193460490463,0.0,1.1295032750256093e-17,0.001912889485593048,118
Q4-2○,Q4-2○,1,0.0027247956403269754,0.0,3.731371759474187e-31,0.0021285653465685506,185
概要,概要,1,0.0,0.0,1.0866963747280363e-61,0.00031928480256891776,203
H8-2,H8-2,1,0.004087193460490463,0.0,3.697836145168593e-23,0.0021285653465685506,106
C11-1,C11-1,1,0.004087193460490463,0.0,3.697836145168593e-23,0.0021285653465685506,204
P6-9,P6-9,1,0.0013623978201634877,0.0,2.0046009910436058e-42,0.0021285653465685506,55
Q6-11,Q6-11,1,0.0013623978201634877,0.0,2.0046009910436058e-42,0.0021285653465685506,114
西野涼子H11-1○,西野涼子H11-1○,1,0.0,0.0,1.0866963747280363e-61,0.00031928480256891776,205
高橋洸丞P4-7○,高橋洸丞P4-7○,1,0.0,0.0,1.0866963747280363e-61,0.00031928480256891776,206
荒瀬 由紀,荒瀬 由紀,1,0.0027247956403269754,0.0,3.731371759474187e-31,0.0021285653465685506,207
C3-5○,C3-5○,1,0.0013623978201634877,0.0,2.0046009910436058e-42,0.0021285653465685506,13
永野清仁H4-1,永野清仁H4-1,1,0.0,0.0,1.0866963747280363e-61,0.00031928480256891776,208
P4-2,P4-2,1,0.004087193460490463,0.0,3.697836145168593e-23,0.0021285653465685506,194
張信鵬Q7-11,張信鵬Q7-11,1,0.0013623978201634877,0.0,2.917311283060032e-37,0.0016323417756954903,127
田村稔行C2-2○,田村稔行C2-2○,1,0.0,0.0,1.0866963747280363e-61,0.00031928480256891776,209
Q7-12,Q7-12,2,0.0027247956403269754,3.717320109586597e-06,4.125701182167553e-37,0.003121012488314672,127
小林優佳B4-2,小林優佳B4-2,1,0.0,0.0,1.0866963747280363e-61,0.00031928480256891776,210
P1-8,P1-8,1,0.0013623978201634877,0.0,2.0046009910436058e-42,0.0021285653465685506,211
有馬隆広Q2-4○,有馬隆広Q2-4○,1,0.0,0.0,1.0866963747280363e-61,0.00031928480256891776,212
榮田亮真H1-4,榮田亮真H1-4,1,0.0027247956403269754,0.0,7.37589595908646e-18,0.0014415979863182564,118
山本悠士C3-3○,山本悠士C3-3○,1,0.0,0.0,1.0866963747280363e-61,0.00031928480256891776,214
Q3:機械学習(3),Q3:機械学習(3),1,0.0,0.0,1.0866963747280363e-61,0.00031928480256891776,215
田中リベカP1-12,田中リベカP1-12,1,0.0,0.0,1.0866963747280363e-61,0.00031928480256891776,216
H10:実世界接地,H10:実世界接地,1,0.0,0.0,1.0866963747280363e-61,0.00031928480256891776,217
石井太河D3-2,石井太河D3-2,1,0.0013623978201634877,0.0,2.0046009910436058e-42,0.0021285653465685506,218
仲田明良A10-2,仲田明良A10-2,1,0.0013623978201634877,0.0,2.0046009910436058e-42,0.0021285653465685506,219
五十嵐正尚Q7-8,五十嵐正尚Q7-8,1,0.0,0.0,1.0866963747280363e-61,0.00031928480256891776,220
ノナ野中尋史Q4-5,ノナ野中尋史Q4-5,1,0.0,0.0,1.0866963747280363e-61,0.00031928480256891776,221
A5:音声・推論・説明可能性,A5:音声・推論・説明可能性,1,0.0,0.0,1.0866963747280363e-61,0.00031928480256891776,222
ヤノ矢野千紘P4-8○,ヤノ矢野千紘P4-8○,1,0.0,0.0,1.0866963747280363e-61,0.00031928480256891776,223
H2:対話(2),H2:対話(2),1,0.0,0.0,1.0866963747280363e-61,0.00031928480256891776,224
駒水孝裕Q10-6,駒水孝裕Q10-6,1,0.0013623978201634877,0.0,2.79852881960564e-31,0.0013842299902589597,90
Q12-3,Q12-3,2,0.010899182561307902,5.310457299409424e-07,0.3398200045361532,0.0025161763995199915,60
C8-1,C8-1,1,0.004087193460490463,0.0,3.697836145168593e-23,0.0021285653465685506,70
Iwana,Iwana,1,0.0013623978201634877,0.0,2.0046009910436058e-42,0.0021285653465685506,144
村山実和子P3-12,村山実和子P3-12,1,0.0,0.0,1.0866963747280363e-61,0.00031928480256891776,225
H2-3,H2-3,1,0.005449591280653951,0.0,5.890992851561289e-17,0.0021285653465685506,105
伊藤滉一朗Q1-8,伊藤滉一朗Q1-8,1,0.0013623978201634877,0.0,2.0046009910436058e-42,0.0021285653465685506,226
A3:評判・感情・文書分析(1),A3:評判・感情・文書分析(1),1,0.0,0.0,1.0866963747280363e-61,0.00031928480256891776,227
コバ小林暁雄B3-4,コバ小林暁雄B3-4,1,0.0013623978201634877,0.0,6.953904916352661e-30,0.0012039790936810041,115
コレ惟高日向P10-7○,コレ惟高日向P10-7○,1,0.0,0.0,1.0866963747280363e-61,0.00031928480256891776,228
須藤百香Q3-8○,須藤百香Q3-8○,1,0.0,0.0,1.0866963747280363e-61,0.00031928480256891776,229
P4-4,P4-4,1,0.0013623978201634877,0.0,2.0046009910436058e-42,0.0021285653465685506,219
ハス蓮池隆D10-2,ハス蓮池隆D10-2,1,0.0,0.0,1.0866963747280363e-61,0.00031928480256891776,230
林晃平D9-2,林晃平D9-2,1,0.0,0.0,1.0866963747280363e-61,0.00031928480256891776,231
佐藤京也D4-1,佐藤京也D4-1,1,0.0,0.0,1.0866963747280363e-61,0.00031928480256891776,232
中田和秀A4-1,中田和秀A4-1,1,0.0,0.0,1.0866963747280363e-61,0.00031928480256891776,233
P4-1,P4-1,1,0.0027247956403269754,0.0,3.731371759474187e-31,0.0021285653465685506,162
P8-2,P8-2,1,0.004087193460490463,0.0,6.273701603042509e-22,0.002283390106694918,31
安藤まやB6-2,安藤まやB6-2,1,0.0,0.0,1.0866963747280363e-61,0.00031928480256891776,234
シモ下山翔Q12-5○,シモ下山翔Q12-5○,1,0.0,0.0,1.0866963747280363e-61,0.00031928480256891776,235
川原一修D9-4○,川原一修D9-4○,1,0.0,0.0,1.0866963747280363e-61,0.00031928480256891776,236
森田一P12-5○,森田一P12-5○,1,0.0,0.0,1.0866963747280363e-61,0.00031928480256891776,237
Q10-11,Q10-11,1,0.0013623978201634877,0.0,2.0046009910436058e-42,0.0021285653465685506,101
平子潤Q6-4○,平子潤Q6-4○,1,0.0013623978201634877,0.0,2.0046009910436058e-42,0.0021285653465685506,238
山田隆弘D1-1○,山田隆弘D1-1○,1,0.0,0.0,1.0866963747280363e-61,0.00031928480256891776,239
ナス那須川哲哉Q2-14,ナス那須川哲哉Q2-14,1,0.0,0.0,1.0866963747280363e-61,0.00031928480256891776,240
P3-8○,P3-8○,1,0.0013623978201634877,0.0,2.0046009910436058e-42,0.0021285653465685506,241
A9-4,A9-4,1,0.008174386920980926,0.0,7.115852127300744e-05,0.0019967483388195076,38
チン陳宙斯P3-7○,チン陳宙斯P3-7○,1,0.0,0.0,1.0866963747280363e-61,0.00031928480256891776,242
佐藤理史A2-4,佐藤理史A2-4,1,0.004087193460490463,0.0,1.4909301582073672e-22,0.002219320984142648,160
MaijaB10-1,MaijaB10-1,1,0.0013623978201634877,0.0,2.0046009910436058e-42,0.0021285653465685506,117
Q2-12,Q2-12,4,0.014986376021798364,0.00014869280438346388,6.001186389213821e-08,0.005323238691227804,22
増山繁Q8-12,増山繁Q8-12,1,0.0013623978201634877,0.0,2.0046009910436058e-42,0.0021285653465685506,243
アツ渥美雅保B2-4,アツ渥美雅保B2-4,1,0.0,0.0,1.0866963747280363e-61,0.00031928480256891776,244
シカ志方脩B9-3○,シカ志方脩B9-3○,1,0.0,0.0,1.0866963747280363e-61,0.00031928480256891776,245
山田晃士C12-4○,山田晃士C12-4○,1,0.0,0.0,1.0866963747280363e-61,0.00031928480256891776,246
満石風斗Q11-5○,満石風斗Q11-5○,1,0.0,0.0,1.0866963747280363e-61,0.00031928480256891776,247
高橋力斗B8-5○,高橋力斗B8-5○,1,0.0,0.0,1.0866963747280363e-61,0.00031928480256891776,248
Ptaszynski,Ptaszynski,1,0.0013623978201634877,0.0,2.0046009910436058e-42,0.0021285653465685506,249
石垣達也H3-1,石垣達也H3-1,1,0.004087193460490463,0.0,2.7879341300247113e-06,0.0012811415595992877,81
秋吉亮太D2-4,秋吉亮太D2-4,1,0.0,0.0,1.0866963747280363e-61,0.00031928480256891776,250
○山田 康輔,○山田 康輔,1,0.0027247956403269754,0.0,3.731371759474187e-31,0.0021285653465685506,200
村上仁一D1-2,村上仁一D1-2,1,0.006811989100817439,0.0,6.8831659890887665e-12,0.0021285653465685514,26
村上夏輝B6-3○,村上夏輝B6-3○,1,0.0,0.0,1.0866963747280363e-61,0.00031928480256891776,251
平澤陸斗P3-10,平澤陸斗P3-10,1,0.0,0.0,1.0866963747280363e-61,0.00031928480256891776,252
C2-4○,C2-4○,1,0.0013623978201634877,0.0,2.0046009910436058e-42,0.0021285653465685506,253
德永由布子B4-5,德永由布子B4-5,1,0.0,0.0,1.0866963747280363e-61,0.00031928480256891776,254
迫田 航次郎,迫田 航次郎,1,0.009536784741144414,0.0,0.0006821303699643777,0.0021285653465685497,6
Kim,Kim,1,0.0013623978201634877,0.0,2.0046009910436058e-42,0.0021285653465685506,255
アサ浅田宗磨P4-10○,アサ浅田宗磨P4-10○,1,0.0,0.0,1.0866963747280363e-61,0.00031928480256891776,256
高野海斗D10-4○,高野海斗D10-4○,1,0.0,0.0,1.0866963747280363e-61,0.00031928480256891776,257
StevenC6-4,StevenC6-4,1,0.0027247956403269754,0.0,3.731371759474187e-31,0.0021285653465685506,121
岡崎威生D5-2,岡崎威生D5-2,1,0.0,0.0,1.0866963747280363e-61,0.00031928480256891776,258
P2-10,P2-10,1,0.0027247956403269754,0.0,3.731371759474187e-31,0.0021285653465685506,72
竹内孔一Q2-5,竹内孔一Q2-5,1,0.0027247956403269754,0.0,1.28969740790471e-29,0.0020938879166651696,259
A7-3,A7-3,1,0.0027247956403269754,0.0,3.731371759474187e-31,0.0021285653465685506,163
守山慧P9-7○,守山慧P9-7○,1,0.0,0.0,1.0866963747280363e-61,0.00031928480256891776,260
Oh,Oh,1,0.0013623978201634877,0.0,2.0046009910436058e-42,0.0021285653465685506,261
C2-3,C2-3,1,0.0027247956403269754,0.0,3.731371759474187e-31,0.0021285653465685506,69
松原拓磨Q2-13○,松原拓磨Q2-13○,1,0.0,0.0,1.0866963747280363e-61,0.00031928480256891776,262
P12-3○,P12-3○,1,0.0013623978201634877,0.0,2.0046009910436058e-42,0.0021285653465685506,263
赤迫健太B4-5,赤迫健太B4-5,1,0.0,0.0,1.0866963747280363e-61,0.00031928480256891776,264
P10-3,P10-3,1,0.005449591280653951,0.0,5.890992851561289e-17,0.0021285653465685506,157
P2-11,P2-11,1,0.005449591280653951,0.0,5.890992851561289e-17,0.0021285653465685506,157
Q12-12,Q12-12,1,0.0027247956403269754,0.0,3.731371759474187e-31,0.0021285653465685506,145
Jonathan R.Q10-10,Jonathan R.Q10-10,1,0.0013623978201634877,0.0,2.0046009910436058e-42,0.0021285653465685506,265
Q2-14,Q2-14,1,0.0027247956403269754,0.0,3.731371759474187e-31,0.0021285653465685506,266
Q10-2,Q10-2,1,0.0027247956403269754,0.0,3.731371759474187e-31,0.0021285653465685506,267
山﨑康之介H6-1,山﨑康之介H6-1,1,0.0013623978201634877,0.0,2.0046009910436058e-42,0.0021285653465685506,268
坂田一郎B9-5,坂田一郎B9-5,1,0.0013623978201634877,0.0,2.0046009910436058e-42,0.0021285653465685506,78
P2-6,P2-6,2,0.009536784741144414,3.717320109586597e-05,1.9769578088895034e-11,0.003292226720279081,56
杉山弘晃C11-2,杉山弘晃C11-2,1,0.0,0.0,1.0866963747280363e-61,0.00031928480256891776,270
Q9-1,Q9-1,1,0.006811989100817439,0.0,6.8831659890887665e-12,0.002128565346568551,9
ツボ坪井辰馬Q9-13,ツボ坪井辰馬Q9-13,1,0.0,0.0,1.0866963747280363e-61,0.00031928480256891776,271
Q7:社会と言語(4),Q7:社会と言語(4),1,0.0,0.0,1.0866963747280363e-61,0.00031928480256891776,272
中村誠Q7-9,中村誠Q7-9,1,0.0013623978201634877,0.0,2.0046009910436058e-42,0.0021285653465685506,273
メラ目良和也A5-1,メラ目良和也A5-1,1,0.0,0.0,1.0866963747280363e-61,0.00031928480256891776,274
C5-4,C5-4,1,0.0013623978201634877,0.0,2.0046009910436058e-42,0.0021285653465685506,275
飯塚慎也Q12-1,飯塚慎也Q12-1,1,0.0,0.0,1.0866963747280363e-61,0.00031928480256891776,276
C10-5,C10-5,1,0.006811989100817439,0.0,1.8180492334242097e-11,0.002247046520877718,56
M.P1-8,M.P1-8,1,0.0013623978201634877,0.0,2.0046009910436058e-42,0.0021285653465685506,249
梶原 智之,梶原 智之,1,0.0027247956403269754,0.0,3.731371759474187e-31,0.0021285653465685506,207
白井圭佑Q11-9○,白井圭佑Q11-9○,1,0.0,0.0,1.0866963747280363e-61,0.00031928480256891776,277
佐々木裕多Q4-14○,佐々木裕多Q4-14○,1,0.0,0.0,1.0866963747280363e-61,0.00031928480256891776,278
牧野雅紘A5-5○,牧野雅紘A5-5○,1,0.0,0.0,1.0866963747280363e-61,0.00031928480256891776,279
ヨウ姚子凡Q1-13,ヨウ姚子凡Q1-13,1,0.0,0.0,1.0866963747280363e-61,0.00031928480256891776,280
Seo,Seo,1,0.0013623978201634877,0.0,2.0046009910436058e-42,0.0021285653465685506,99
H1:対話(1),H1:対話(1),1,0.0,0.0,1.0866963747280363e-61,0.00031928480256891776,281
上田紗綾C12-1○,上田紗綾C12-1○,1,0.0,0.0,1.0866963747280363e-61,0.00031928480256891776,282
CaméliaQ1-7○,CaméliaQ1-7○,1,0.004087193460490463,0.0,2.3919979879973762e-08,0.0014021657814134903,22
一杉裕志D8-2,一杉裕志D8-2,1,0.0013623978201634877,0.0,2.0046009910436058e-42,0.0021285653465685506,48
P10-9○,P10-9○,1,0.0013623978201634877,0.0,2.0046009910436058e-42,0.0021285653465685506,283
舟山弘晃C6-3,舟山弘晃C6-3,1,0.004087193460490463,0.0,3.697836145168593e-23,0.0021285653465685506,70
ジョ徐勝P11-13○,ジョ徐勝P11-13○,1,0.0,0.0,1.0866963747280363e-61,0.00031928480256891776,284
B6-2,B6-2,1,0.0027247956403269754,0.0,3.731371759474187e-31,0.0021285653465685506,185
P12-13○,P12-13○,1,0.004087193460490463,0.0,3.697836145168593e-23,0.0021285653465685506,93
Q12-6,Q12-6,1,0.0013623978201634877,0.0,2.0046009910436058e-42,0.0021285653465685506,35
B2-5○,B2-5○,1,0.004087193460490463,0.0,1.1295032750256093e-17,0.001912889485593048,118
A4-3,A4-3,2,0.012261580381471389,5.5759801643798956e-05,8.52409186035736e-05,0.0032452316451668517,38
川端良子B11-3,川端良子B11-3,1,0.0,0.0,1.0866963747280363e-61,0.00031928480256891776,285
趙陽P1-1,趙陽P1-1,1,0.0,0.0,1.0866963747280363e-61,0.00031928480256891776,286
P12-10,P12-10,1,0.0027247956403269754,0.0,3.731371759474187e-31,0.0021285653465685506,145
C2-3○,C2-3○,1,0.0013623978201634877,0.0,2.0046009910436058e-42,0.0021285653465685506,287
タン譚匡桓Q1-13,タン譚匡桓Q1-13,1,0.0,0.0,1.0866963747280363e-61,0.00031928480256891776,288
Muangkammuen,Muangkammuen,1,0.0013623978201634877,0.0,2.0046009910436058e-42,0.0021285653465685506,289
福本拓也Q7-8○,福本拓也Q7-8○,1,0.0,0.0,1.0866963747280363e-61,0.00031928480256891776,290
D1-4,D1-4,1,0.006811989100817439,0.0,3.451217505675734e-05,0.0018640024070621104,38
佐藤翔悦P8-2,佐藤翔悦P8-2,1,0.0,0.0,1.0866963747280363e-61,0.00031928480256891776,292
C9:意味解析(1),C9:意味解析(1),1,0.0,0.0,1.0866963747280363e-61,0.00031928480256891776,293
H2-1,H2-1,1,0.004087193460490463,0.0,4.689931298455065e-19,0.0018935938473142705,294
ベッ戸次大介C1-2,ベッ戸次大介C1-2,1,0.006811989100817439,0.0,3.451217505675734e-05,0.0018640024070621104,38
山崎誠P3-11,山崎誠P3-11,1,0.004087193460490463,0.0,1.4909301582073667e-22,0.0022193209841426475,104
B6-3,B6-3,2,0.014986376021798364,0.00016727940493139687,9.353902959664565e-05,0.0035868832035929913,38
大熊智子Q2-4,大熊智子Q2-4,1,0.0,0.0,1.0866963747280363e-61,0.00031928480256891776,295
XuchenH3-5,XuchenH3-5,1,0.0013623978201634877,0.0,2.0046009910436058e-42,0.0021285653465685506,296
B12-2,B12-2,1,0.004087193460490463,0.0,1.2384749321722205e-08,0.0015689441247444837,22
川島寛乃B5-2,川島寛乃B5-2,1,0.0,0.0,1.0866963747280363e-61,0.00031928480256891776,297
バトバトラーアラステアC10-4,バトバトラーアラステアC10-4,1,0.0,0.0,1.0866963747280363e-61,0.00031928480256891776,298
P11-11,P11-11,1,0.005449591280653951,0.0,5.890992851561289e-17,0.0021285653465685506,105
武田 浩一,武田 浩一,1,0.0027247956403269754,0.0,3.731371759474187e-31,0.0021285653465685506,200
D12-2○,D12-2○,1,0.006811989100817439,0.0,3.451217505675734e-05,0.0018640024070621104,38
Guerraoui,Guerraoui,1,0.004087193460490463,0.0,2.3919979879973762e-08,0.0014021657814134903,22
長谷川拓B7-3,長谷川拓B7-3,1,0.0013623978201634877,0.0,6.95390491635266e-30,0.0012039790936810043,82
P9-7,P9-7,1,0.0013623978201634877,0.0,2.0046009910436058e-42,0.0021285653465685506,97
アン按田将吾C6-5,アン按田将吾C6-5,1,0.0,0.0,1.0866963747280363e-61,0.00031928480256891776,299
YouyangH3-3,YouyangH3-3,1,0.0013623978201634877,0.0,2.0046009910436058e-42,0.0021285653465685506,94
P7-5,P7-5,1,0.006811989100817439,0.0,6.8831659890887665e-12,0.002128565346568551,9
松平茅隼Q10-6,松平茅隼Q10-6,1,0.0013623978201634877,0.0,2.79852881960564e-31,0.0013842299902589597,90
久保理恵子Q3-8,久保理恵子Q3-8,1,0.0,0.0,1.0866963747280363e-61,0.00031928480256891776,300
Chen,Chen,2,0.0027247956403269754,3.717320109586597e-06,4.125701182167553e-37,0.003121012488314672,91
コボ小堀智祥A11-5○,コボ小堀智祥A11-5○,1,0.0,0.0,1.0866963747280363e-61,0.00031928480256891776,301
マス桝井文人A12-3,マス桝井文人A12-3,1,0.0013623978201634877,0.0,2.0046009910436058e-42,0.0021285653465685506,211
原島純Q2-3,原島純Q2-3,1,0.0,0.0,1.0866963747280363e-61,0.00031928480256891776,302
P12-12,P12-12,1,0.0013623978201634877,0.0,2.0046009910436058e-42,0.0021285653465685506,303
GeewookB7-4,GeewookB7-4,1,0.0013623978201634877,0.0,2.0046009910436058e-42,0.0021285653465685506,255
P3-8,P3-8,1,0.0013623978201634877,0.0,2.0046009910436058e-42,0.0021285653465685506,304
コザ古崎晃司Q6-7,コザ古崎晃司Q6-7,1,0.0,0.0,1.0866963747280363e-61,0.00031928480256891776,305
船越孝太郎Q1-1,船越孝太郎Q1-1,1,0.005449591280653951,0.0,5.890992851561289e-17,0.0021285653465685506,105
関根基樹P1-3,関根基樹P1-3,1,0.0,0.0,1.0866963747280363e-61,0.00031928480256891776,306
カラ唐井希B7-5○,カラ唐井希B7-5○,1,0.0013623978201634877,0.0,2.0046009910436058e-42,0.0021285653465685506,307
P1-10,P1-10,1,0.0013623978201634877,0.0,2.0046009910436058e-42,0.0021285653465685506,273
長裕樹P1-10,長裕樹P1-10,1,0.0,0.0,1.0866963747280363e-61,0.00031928480256891776,308
P10-6,P10-6,1,0.004087193460490463,0.0,6.273701603042509e-22,0.0022833901066949174,31
大矢一穂Q12-13○,大矢一穂Q12-13○,1,0.0,0.0,1.0866963747280363e-61,0.00031928480256891776,309
鈴木慶二P1-3,鈴木慶二P1-3,1,0.0,0.0,1.0866963747280363e-61,0.00031928480256891776,310
P3-13,P3-13,2,0.005449591280653951,1.115196032875979e-05,1.6193442674183406e-22,0.0030231581933203825,104
H12-1,H12-1,2,0.010899182561307902,5.310457299409424e-07,0.3398200045361532,0.0025161763995199906,60
キヤ木山朔P10-3○,キヤ木山朔P10-3○,1,0.0,0.0,1.0866963747280363e-61,0.00031928480256891776,311
Rocha,Rocha,1,0.0013623978201634877,0.0,2.0046009910436058e-42,0.0021285653465685506,42
大町真一郎Q9-12,大町真一郎Q9-12,1,0.0,0.0,1.0866963747280363e-61,0.00031928480256891776,312
P8-1,P8-1,2,0.010899182561307902,5.310457299409424e-07,0.3398200045361532,0.0025161763995199906,60
KazumasaQ6-13,KazumasaQ6-13,1,0.0013623978201634877,0.0,2.0046009910436058e-42,0.0021285653465685506,132
P6-10,P6-10,1,0.005449591280653951,0.0,5.890992851561289e-17,0.0021285653465685506,157
武田直人B10-3,武田直人B10-3,1,0.0,0.0,1.0866963747280363e-61,0.00031928480256891776,313
A9:機械学習(4),A9:機械学習(4),1,0.0,0.0,1.0866963747280363e-61,0.00031928480256891776,314
吉田晶Q10-6○,吉田晶Q10-6○,1,0.0,0.0,1.0866963747280363e-61,0.00031928480256891776,315
IglikaP6-8○,IglikaP6-8○,1,0.0013623978201634877,0.0,2.0046009910436058e-42,0.0021285653465685506,316
イズ出羽達也Q2-4,イズ出羽達也Q2-4,1,0.0,0.0,1.0866963747280363e-61,0.00031928480256891776,317
後藤啓介C2-4,後藤啓介C2-4,1,0.0013623978201634877,0.0,2.0046009910436058e-42,0.0021285653465685506,159
Q7-10,Q7-10,1,0.0027247956403269754,0.0,1.2896974079047102e-29,0.002093887916665169,115
カス春日淳P9-4,カス春日淳P9-4,1,0.0,0.0,1.0866963747280363e-61,0.00031928480256891776,318
永塚光一B2-4○,永塚光一B2-4○,1,0.0,0.0,1.0866963747280363e-61,0.00031928480256891776,319
Q8-7○,Q8-7○,1,0.0013623978201634877,0.0,2.0046009910436058e-42,0.0021285653465685506,320
石渡太智A3-1○,石渡太智A3-1○,1,0.0,0.0,1.0866963747280363e-61,0.00031928480256891776,321
ネイ根石将人P10-6○,ネイ根石将人P10-6○,1,0.0,0.0,1.0866963747280363e-61,0.00031928480256891776,322
ユア湯浅亮也P2-13○,ユア湯浅亮也P2-13○,1,0.0013623978201634877,0.0,2.0046009910436058e-42,0.0021285653465685506,303
トダ戸田隆道Q12-6○,トダ戸田隆道Q12-6○,1,0.0,0.0,1.0866963747280363e-61,0.00031928480256891776,323
Q2-6○,Q2-6○,1,0.0013623978201634877,0.0,2.0046009910436058e-42,0.0021285653465685506,79
福田悟志Q7-6○,福田悟志Q7-6○,1,0.0,0.0,1.0866963747280363e-61,0.00031928480256891776,324
P10-12,P10-12,1,0.006811989100817439,0.0,6.8831659890887665e-12,0.002128565346568551,26
ボク卜秋予D4-3,ボク卜秋予D4-3,1,0.0,0.0,1.0866963747280363e-61,0.00031928480256891776,325
吉田一星B1-5,吉田一星B1-5,1,0.0027247956403269754,0.0,3.731371759474187e-31,0.0021285653465685506,266
カナ金沢輝一P3-1,カナ金沢輝一P3-1,1,0.0,0.0,1.0866963747280363e-61,0.00031928480256891776,326
芝原隆善Q6-7○,芝原隆善Q6-7○,1,0.0,0.0,1.0866963747280363e-61,0.00031928480256891776,327
Q8-13○,Q8-13○,1,0.004087193460490463,0.0,4.689931298455065e-19,0.0018935938473142705,294
ShengA5-2,ShengA5-2,1,0.0013623978201634877,0.0,2.917311283060032e-37,0.0016323417756954899,139
小林汰一郎B3-5○,小林汰一郎B3-5○,1,0.0,0.0,1.0866963747280363e-61,0.00031928480256891776,328
EdisonD2-5,EdisonD2-5,1,0.004087193460490463,0.0,1.6149414171151825e-06,0.0014765756940705423,81
ソン孫鵬P12-10○,ソン孫鵬P12-10○,1,0.0,0.0,1.0866963747280363e-61,0.00031928480256891776,330
石月由紀子D1-3○,石月由紀子D1-3○,1,0.0,0.0,1.0866963747280363e-61,0.00031928480256891776,331
P1-11,P1-11,1,0.0027247956403269754,0.0,3.731371759474187e-31,0.0021285653465685506,83
WeihaoH3-5○,WeihaoH3-5○,1,0.0013623978201634877,0.0,2.0046009910436058e-42,0.0021285653465685506,332
小川浩平Q6-6,小川浩平Q6-6,1,0.0013623978201634877,0.0,5.2471676945147726e-23,0.0009617055870944262,160
Ehara,Ehara,1,0.0013623978201634877,0.0,2.0046009910436058e-42,0.0021285653465685506,156
大友寛之B11-1,大友寛之B11-1,1,0.0013623978201634877,0.0,2.0046009910436058e-42,0.0021285653465685506,167
中村伊知哉P12-9,中村伊知哉P12-9,1,0.0,0.0,1.0866963747280363e-61,0.00031928480256891776,333
鈴木丈慈Q9-13,鈴木丈慈Q9-13,1,0.0,0.0,1.0866963747280363e-61,0.00031928480256891776,334
田辺利文Q11-10,田辺利文Q11-10,1,0.0,0.0,1.0866963747280363e-61,0.00031928480256891776,335
アマ天沼博H5-5,アマ天沼博H5-5,1,0.0013623978201634877,0.0,2.0046009910436058e-42,0.0021285653465685506,188
ハナ花房竜馬Q4-4○,ハナ花房竜馬Q4-4○,1,0.0,0.0,1.0866963747280363e-61,0.00031928480256891776,336
C9-5,C9-5,2,0.005449591280653951,1.115196032875979e-05,1.619344267418341e-22,0.003023158193320383,160
西脇一尊Q2-7○,西脇一尊Q2-7○,1,0.0,0.0,1.0866963747280363e-61,0.00031928480256891776,337
HaiyueQ3-7○,HaiyueQ3-7○,1,0.0013623978201634877,0.0,2.0046009910436058e-42,0.0021285653465685506,8
大沼俊輔Q2-7,大沼俊輔Q2-7,1,0.0,0.0,1.0866963747280363e-61,0.00031928480256891776,338
P6-11,P6-11,1,0.0027247956403269754,0.0,4.836705150441094e-12,0.001250531723940369,56
チカ近添淳一B5-2,チカ近添淳一B5-2,1,0.0013623978201634877,0.0,2.917311283060032e-37,0.0016323417756954903,96
YutaroQ9-3○,YutaroQ9-3○,1,0.0013623978201634877,0.0,2.0046009910436058e-42,0.0021285653465685506,339
A2:翻訳(2),A2:翻訳(2),1,0.0,0.0,1.0866963747280363e-61,0.00031928480256891776,340
Torisawa,Torisawa,1,0.0013623978201634877,0.0,2.0046009910436058e-42,0.0021285653465685506,341
Bui TuanA2-5○,Bui TuanA2-5○,1,0.0013623978201634877,0.0,2.0046009910436058e-42,0.0021285653465685506,342
D2-4,D2-4,1,0.004087193460490463,0.0,3.697836145168593e-23,0.0021285653465685506,62
C10-4,C10-4,1,0.0027247956403269754,0.0,1.28969740790471e-29,0.0020938879166651696,259
林則序D12-1,林則序D12-1,1,0.0,0.0,1.0866963747280363e-61,0.00031928480256891776,343
P8-3,P8-3,3,0.012261580381471389,3.0269606606633716e-05,0.3448305554765222,0.0029038687416949286,60
西村柾人Q6-8○,西村柾人Q6-8○,1,0.0,0.0,1.0866963747280363e-61,0.00031928480256891776,344
DianaC6-4○,DianaC6-4○,1,0.0027247956403269754,0.0,3.731371759474187e-31,0.0021285653465685506,267
上村旺生B4-5,上村旺生B4-5,1,0.0,0.0,1.0866963747280363e-61,0.00031928480256891776,345
B4-1,B4-1,1,0.0027247956403269754,0.0,3.731371759474187e-31,0.0021285653465685506,266
H2-5,H2-5,1,0.004087193460490463,0.0,4.689931298455065e-19,0.0018935938473142705,294
コウ康鑫H2-4,コウ康鑫H2-4,1,0.0,0.0,1.0866963747280363e-61,0.00031928480256891776,346
スヤ須山晃平P3-2○,スヤ須山晃平P3-2○,1,0.0,0.0,1.0866963747280363e-61,0.00031928480256891776,347
渡邊清子P11-1○,渡邊清子P11-1○,1,0.0,0.0,1.0866963747280363e-61,0.00031928480256891776,348
ハシ橋口卓弥P4-11○,ハシ橋口卓弥P4-11○,1,0.0,0.0,1.0866963747280363e-61,0.00031928480256891776,349
C9-3,C9-3,1,0.006811989100817439,0.0,3.451217505675734e-05,0.0018640024070621104,38
参加者交流イベント展示場,参加者交流イベント展示場,1,0.0,0.0,1.0866963747280363e-61,0.00031928480256891776,350
C7:教育応用(3),C7:教育応用(3),1,0.0,0.0,1.0866963747280363e-61,0.00031928480256891776,351
QiyuQ9-1,QiyuQ9-1,1,0.0013623978201634877,0.0,2.0046009910436058e-42,0.0021285653465685506,46
島森瑛貴P4-1○,島森瑛貴P4-1○,1,0.0,0.0,1.0866963747280363e-61,0.00031928480256891776,352
Yang,Yang,1,0.0013623978201634877,0.0,2.0046009910436058e-42,0.0021285653465685506,296
Galvan-Sosa,Galvan-Sosa,1,0.0027247956403269754,0.0,3.731371759474187e-31,0.0021285653465685506,267
H10-2,H10-2,2,0.012261580381471389,5.5759801643798956e-05,8.52409186035736e-05,0.0032452316451668517,38
タシ田所佑一Q11-8○,タシ田所佑一Q11-8○,1,0.0,0.0,1.0866963747280363e-61,0.00031928480256891776,353
A12-4○,A12-4○,1,0.0013623978201634877,0.0,2.0046009910436058e-42,0.0021285653465685506,28
杉本徹P12-1,杉本徹P12-1,1,0.0,0.0,1.0866963747280363e-61,0.00031928480256891776,354
NaP7-9○,NaP7-9○,1,0.0013623978201634877,0.0,2.0046009910436058e-42,0.0021285653465685506,164
Q8-14,Q8-14,1,0.006811989100817439,0.0,4.2489409994118596e-08,0.0020688852344447257,22
岡田明久P1-4,岡田明久P1-4,1,0.0,0.0,1.0866963747280363e-61,0.00031928480256891776,355
大畑和也Q1-11,大畑和也Q1-11,1,0.0,0.0,1.0866963747280363e-61,0.00031928480256891776,356
山﨑敏正B4-5○,山﨑敏正B4-5○,1,0.0,0.0,1.0866963747280363e-61,0.00031928480256891776,357
Q3-4,Q3-4,1,0.004087193460490463,0.0,1.6149414171151825e-06,0.0014765756940705423,81
B9-1,B9-1,3,0.010899182561307902,7.806372230131853e-05,2.1257483690815405e-17,0.004796555232922153,118
ホソ細野湧城A4-5○,ホソ細野湧城A4-5○,1,0.0,0.0,1.0866963747280363e-61,0.00031928480256891776,358
土井惟成A9-4,土井惟成A9-4,1,0.0013623978201634877,0.0,2.0046009910436058e-42,0.0021285653465685506,147
Marrese-Taylor,Marrese-Taylor,1,0.004087193460490463,0.0,1.6149414171151825e-06,0.0014765756940705423,81
多村新平Q2-5,多村新平Q2-5,1,0.0013623978201634877,0.0,6.95390491635266e-30,0.0012039790936810043,259
Baek,Baek,1,0.0013623978201634877,0.0,2.0046009910436058e-42,0.0021285653465685506,111
P12-8,P12-8,1,0.008174386920980926,0.0,6.500063023334631e-06,0.0021542596690621637,81
オサ長内淳樹B7-4,オサ長内淳樹B7-4,1,0.0,0.0,1.0866963747280363e-61,0.00031928480256891776,359
吉川将司C4-5,吉川将司C4-5,1,0.0027247956403269754,0.0,1.2896974079047102e-29,0.0020938879166651696,119
コダ児玉貴志H1-3○,コダ児玉貴志H1-3○,1,0.0013623978201634877,0.0,2.0046009910436058e-42,0.0021285653465685506,287
黒澤友哉C9-1○,黒澤友哉C9-1○,1,0.0,0.0,1.0866963747280363e-61,0.00031928480256891776,360
オト乙武北斗B3-4,オト乙武北斗B3-4,1,0.0027247956403269754,0.0,1.2896974079047102e-29,0.002093887916665169,115
H11-1,H11-1,1,0.004087193460490463,0.0,2.7879341300247113e-06,0.0012811415595992877,81
柴田幸輝Q6-1,柴田幸輝Q6-1,1,0.0,0.0,1.0866963747280363e-61,0.00031928480256891776,361
乾孝司B11-4,乾孝司B11-4,1,0.0,0.0,1.0866963747280363e-61,0.00031928480256891776,362
桂井麻里衣Q11-4,桂井麻里衣Q11-4,1,0.0013623978201634877,0.0,0.044147411212631084,0.00048383736462573985,60
今村賢治P6-1,今村賢治P6-1,1,0.0027247956403269754,0.0,3.731371759474187e-31,0.0021285653465685506,363
河野誠也C5-1○,河野誠也C5-1○,1,0.009536784741144414,0.0,0.30518298199267707,0.0014004444811224408,60
Q10-2○,Q10-2○,1,0.0027247956403269754,0.0,3.731371759474187e-31,0.0021285653465685506,121
PanitanP7-11○,PanitanP7-11○,1,0.0013623978201634877,0.0,2.0046009910436058e-42,0.0021285653465685506,289
當山奈那P3-8,當山奈那P3-8,1,0.0,0.0,1.0866963747280363e-61,0.00031928480256891776,364
カメ亀井遼平C5-3○,カメ亀井遼平C5-3○,1,0.0,0.0,1.0866963747280363e-61,0.00031928480256891776,365
エン圓田彩乃H12-3○,エン圓田彩乃H12-3○,1,0.0,0.0,1.0866963747280363e-61,0.00031928480256891776,366
タグ田口智大P3-6○,タグ田口智大P3-6○,1,0.0013623978201634877,0.0,2.0046009910436058e-42,0.0021285653465685506,304
Yamada,Yamada,1,0.0013623978201634877,0.0,2.0046009910436058e-42,0.0021285653465685506,339
クド工藤慧音A5-4,クド工藤慧音A5-4,1,0.004087193460490463,0.0,4.689931298455065e-19,0.0018935938473142705,294
坂口典三A1-5○,坂口典三A1-5○,1,0.0,0.0,1.0866963747280363e-61,0.00031928480256891776,367
D12-1,D12-1,1,0.004087193460490463,0.0,3.697836145168593e-23,0.0021285653465685506,62
ナラ楢木悠士H11-5,ナラ楢木悠士H11-5,1,0.0013623978201634877,0.0,2.0046009910436058e-42,0.0021285653465685506,368
兼田寛大B8-3,兼田寛大B8-3,1,0.0,0.0,1.0866963747280363e-61,0.00031928480256891776,369
BinghanP7-3○,BinghanP7-3○,1,0.0013623978201634877,0.0,2.0046009910436058e-42,0.0021285653465685506,34
Erica KidoP7-4○,Erica KidoP7-4○,1,0.0013623978201634877,0.0,2.0046009910436058e-42,0.0021285653465685506,141
A8-3○,A8-3○,1,0.006811989100817439,0.0,6.8831659890887665e-12,0.002128565346568551,26
C8-3,C8-3,1,0.0027247956403269754,0.0,3.731371759474187e-31,0.0021285653465685506,173
フカ深澤祐援Q2-3,フカ深澤祐援Q2-3,1,0.0,0.0,1.0866963747280363e-61,0.00031928480256891776,370
Q6-11○,Q6-11○,1,0.0013623978201634877,0.0,2.0046009910436058e-42,0.0021285653465685506,179
エノ榎本大晟P6-10○,エノ榎本大晟P6-10○,1,0.0,0.0,1.0866963747280363e-61,0.00031928480256891776,371
Hardaway,Hardaway,1,0.0013623978201634877,0.0,2.0046009910436058e-42,0.0021285653465685506,100
P11-10,P11-10,1,0.0013623978201634877,0.0,2.0046009910436058e-42,0.0021285653465685506,243
石川和樹C9-5○,石川和樹C9-5○,1,0.0,0.0,1.0866963747280363e-61,0.00031928480256891776,372
奥村貴史Q7-8,奥村貴史Q7-8,1,0.0,0.0,1.0866963747280363e-61,0.00031928480256891776,373
シゲ重藤優太郎P12-9○,シゲ重藤優太郎P12-9○,1,0.0,0.0,1.0866963747280363e-61,0.00031928480256891776,374
Yildirim,Yildirim,1,0.0013623978201634877,0.0,2.0046009910436058e-42,0.0021285653465685506,75
北川創一Q11-10○,北川創一Q11-10○,1,0.0,0.0,1.0866963747280363e-61,0.00031928480256891776,375
Jong-HoonQ8-9,Jong-HoonQ8-9,1,0.0013623978201634877,0.0,2.0046009910436058e-42,0.0021285653465685506,261
Q8-6,Q8-6,2,0.010899182561307902,5.310457299409424e-07,0.3398200045361532,0.0025161763995199915,60
P4-8,P4-8,1,0.006811989100817439,0.0,1.8180492334242097e-11,0.002247046520877718,56
岩倉友哉Q6-5,岩倉友哉Q6-5,1,0.0013623978201634877,0.0,2.0046009910436058e-42,0.0021285653465685506,376
P7-10,P7-10,1,0.006811989100817439,0.0,1.8180492334242097e-11,0.002247046520877718,56
ファシリテーター,ファシリテーター,1,0.0,0.0,1.0866963747280363e-61,0.00031928480256891776,377
佐藤郁子P2-11○,佐藤郁子P2-11○,1,0.0,0.0,1.0866963747280363e-61,0.00031928480256891776,378
Thanh,Thanh,1,0.0013623978201634877,0.0,2.0046009910436058e-42,0.0021285653465685506,342
C7-5,C7-5,3,0.012261580381471389,5.947712175338555e-05,5.6421449603914375e-08,0.004368272705327872,22
小林亮太C3-2,小林亮太C3-2,1,0.0013623978201634877,0.0,2.3247606523326857e-22,0.000989463553549913,31
田中貴秋P12-4,田中貴秋P12-4,1,0.0,0.0,1.0866963747280363e-61,0.00031928480256891776,379
ミウ三浦明波B6-2,ミウ三浦明波B6-2,1,0.0,0.0,1.0866963747280363e-61,0.00031928480256891776,380
P3-5,P3-5,1,0.0013623978201634877,0.0,2.0046009910436058e-42,0.0021285653465685506,376
加藤大地P9-5○,加藤大地P9-5○,1,0.0,0.0,1.0866963747280363e-61,0.00031928480256891776,381
ナカ中井優A4-3○,ナカ中井優A4-3○,1,0.0,0.0,1.0866963747280363e-61,0.00031928480256891776,382
ゼニ銭本友樹P8-9○,ゼニ銭本友樹P8-9○,1,0.0,0.0,1.0866963747280363e-61,0.00031928480256891776,383
増村亮P11-8,増村亮P11-8,1,0.0,0.0,1.0866963747280363e-61,0.00031928480256891776,384
ウメ梅沢知紀H9-4,ウメ梅沢知紀H9-4,1,0.0,0.0,1.0866963747280363e-61,0.00031928480256891776,385
宮川創P3-6,宮川創P3-6,1,0.0013623978201634877,0.0,2.0046009910436058e-42,0.0021285653465685506,241
田中弥生D6-2○,田中弥生D6-2○,1,0.0,0.0,1.0866963747280363e-61,0.00031928480256891776,386
モリ森信介Q9-5,モリ森信介Q9-5,1,0.006811989100817439,0.0,6.8831659890887665e-12,0.002128565346568551,50
ガト我藤勇樹Q4-1○,ガト我藤勇樹Q4-1○,1,0.0,0.0,1.0866963747280363e-61,0.00031928480256891776,387
ワキ脇本宏平H9-1,ワキ脇本宏平H9-1,1,0.0,0.0,1.0866963747280363e-61,0.00031928480256891776,388
森 信介,森 信介,1,0.009536784741144414,0.0,0.0006821303699643777,0.0021285653465685497,6
山下紗苗H5-3○,山下紗苗H5-3○,1,0.0,0.0,1.0866963747280363e-61,0.00031928480256891776,389
Huang,Huang,1,0.004087193460490463,0.0,3.697836145168593e-23,0.0021285653465685506,106
Q12-4,Q12-4,1,0.0013623978201634877,0.0,2.0046009910436058e-42,0.0021285653465685506,123
C4:埋め込み表現(2),C4:埋め込み表現(2),1,0.0,0.0,1.0866963747280363e-61,0.00031928480256891776,390
池本浩次Q11-10,池本浩次Q11-10,1,0.0,0.0,1.0866963747280363e-61,0.00031928480256891776,391
H7-2,H7-2,1,0.005449591280653951,0.0,5.890992851561289e-17,0.0021285653465685506,105
中本裕大B9-4○,中本裕大B9-4○,1,0.0,0.0,1.0866963747280363e-61,0.00031928480256891776,392
キツ喜連川優A10-1,キツ喜連川優A10-1,1,0.0,0.0,1.0866963747280363e-61,0.00031928480256891776,393
A7-2,A7-2,1,0.004087193460490463,0.0,3.697836145168593e-23,0.0021285653465685506,194
P12-2○,P12-2○,1,0.0013623978201634877,0.0,2.0046009910436058e-42,0.0021285653465685506,368
森下雅晴Q9-11○,森下雅晴Q9-11○,1,0.0,0.0,1.0866963747280363e-61,0.00031928480256891776,394
大滝啓介P1-4○,大滝啓介P1-4○,1,0.0,0.0,1.0866963747280363e-61,0.00031928480256891776,395
Liu,Liu,1,0.004087193460490463,0.0,3.697836145168593e-23,0.0021285653465685506,93
カネ金子知弘P11-11○,カネ金子知弘P11-11○,1,0.0,0.0,1.0866963747280363e-61,0.00031928480256891776,396
上坂大輔B10-3,上坂大輔B10-3,1,0.0,0.0,1.0866963747280363e-61,0.00031928480256891776,397
Q8-13,Q8-13,2,0.004087193460490463,7.434640219173194e-06,1.509057508825925e-29,0.0031225064592628584,119
Farjana SultanaQ1-7,Farjana SultanaQ1-7,1,0.0027247956403269754,0.0,1.2328796061518395e-08,0.0011605879341108453,22
Nikolova-Stoupak,Nikolova-Stoupak,1,0.0013623978201634877,0.0,2.0046009910436058e-42,0.0021285653465685506,316
Q10-9,Q10-9,1,0.004087193460490463,0.0,3.697836145168593e-23,0.0021285653465685506,204
フジ藤井巧朗Q6-1○,フジ藤井巧朗Q6-1○,1,0.0,0.0,1.0866963747280363e-61,0.00031928480256891776,398
西田直人A9-4,西田直人A9-4,1,0.0,0.0,1.0866963747280363e-61,0.00031928480256891776,399
Lis KanashiroC4-3,Lis KanashiroC4-3,1,0.0027247956403269754,0.0,3.731371759474187e-31,0.0021285653465685506,154
Q11-9,Q11-9,1,0.006811989100817439,0.0,6.8831659890887665e-12,0.0021285653465685514,50
イト伊藤郁海B1-1○,イト伊藤郁海B1-1○,1,0.0,0.0,1.0866963747280363e-61,0.00031928480256891776,400
二宮大空Q8-5,二宮大空Q8-5,1,0.0013623978201634877,0.0,2.0046009910436058e-42,0.0021285653465685506,320
H7-1,H7-1,1,0.004087193460490463,0.0,1.1295032750256094e-17,0.0019128894855930478,118
山本茉莉D4-3○,山本茉莉D4-3○,1,0.0,0.0,1.0866963747280363e-61,0.00031928480256891776,401
岡野賢二P9-4,岡野賢二P9-4,1,0.0,0.0,1.0866963747280363e-61,0.00031928480256891776,402
伊藤拓海(東北大)B1-1,伊藤拓海(東北大)B1-1,1,0.0013623978201634877,0.0,2.0046009910436058e-42,0.0021285653465685506,403
P2-5,P2-5,1,0.0013623978201634877,0.0,2.0046009910436058e-42,0.0021285653465685506,66
D12-4,D12-4,1,0.006811989100817439,0.0,3.451217505675734e-05,0.0018640024070621104,38
谷口ジョイD4-4,谷口ジョイD4-4,1,0.0,0.0,1.0866963747280363e-61,0.00031928480256891776,404
叶高朋Q9-7○,叶高朋Q9-7○,1,0.0,0.0,1.0866963747280363e-61,0.00031928480256891776,405
新美翔太朗B5-5○,新美翔太朗B5-5○,1,0.0,0.0,1.0866963747280363e-61,0.00031928480256891776,406
ネモ根本颯汰Q6-9○,ネモ根本颯汰Q6-9○,1,0.0,0.0,1.0866963747280363e-61,0.00031928480256891776,407
P12-4,P12-4,1,0.004087193460490463,0.0,3.697836145168593e-23,0.0021285653465685506,130
上田亮D3-2○,上田亮D3-2○,1,0.005449591280653951,0.0,3.6193262086941244e-05,0.0015147094380043276,38
後藤淳A3-1,後藤淳A3-1,1,0.0027247956403269754,0.0,3.731371759474187e-31,0.0021285653465685506,83
H7-1○,H7-1○,1,0.0027247956403269754,0.0,7.37589595908646e-18,0.0014415979863182564,118
宮本晃太郎C1-4,宮本晃太郎C1-4,1,0.0,0.0,1.0866963747280363e-61,0.00031928480256891776,408
JingyiA8-2○,JingyiA8-2○,1,0.0013623978201634877,0.0,2.0046009910436058e-42,0.0021285653465685506,65
A9-1,A9-1,1,0.0027247956403269754,0.0,3.731371759474187e-31,0.0021285653465685506,163
ウカ鵜飼孝典P2-5,ウカ鵜飼孝典P2-5,1,0.0,0.0,1.0866963747280363e-61,0.00031928480256891776,409
Q2-6,Q2-6,2,0.004087193460490463,7.434640219173194e-06,1.5090575088259248e-29,0.0031225064592628584,259
村松俊平Q7-8,村松俊平Q7-8,1,0.0,0.0,1.0866963747280363e-61,0.00031928480256891776,410
中山悠理C3-2○,中山悠理C3-2○,1,0.0013623978201634877,0.0,2.3247606523326857e-22,0.000989463553549913,31
ヨモ蓬田綾香Q8-3○,ヨモ蓬田綾香Q8-3○,1,0.0,0.0,1.0866963747280363e-61,0.00031928480256891776,411
上原由衣H3-1,上原由衣H3-1,1,0.0027247956403269754,0.0,2.354270046576767e-06,0.0009181546650882793,81
マキ牧田光晴D4-1,マキ牧田光晴D4-1,1,0.0,0.0,1.0866963747280363e-61,0.00031928480256891776,412
ワン王昊H9-5,ワン王昊H9-5,1,0.0013623978201634877,0.0,2.0046009910436058e-42,0.0021285653465685506,263
谷口大輔H9-1○,谷口大輔H9-1○,1,0.0,0.0,1.0866963747280363e-61,0.00031928480256891776,413
H6-4,H6-4,2,0.010899182561307902,5.310457299409424e-07,0.3398200045361532,0.0025161763995199906,60
ナム南潤珍P9-4,ナム南潤珍P9-4,1,0.0,0.0,1.0866963747280363e-61,0.00031928480256891776,414
H10-4,H10-4,2,0.0027247956403269754,3.717320109586597e-06,4.125701182167553e-37,0.003121012488314672,96
パルパルデシプラシャントC10-4,パルパルデシプラシャントC10-4,1,0.0,0.0,1.0866963747280363e-61,0.00031928480256891776,415
太田聖三郎A3-3○,太田聖三郎A3-3○,1,0.0,0.0,1.0866963747280363e-61,0.00031928480256891776,416
浅野歴P2-5○,浅野歴P2-5○,1,0.0,0.0,1.0866963747280363e-61,0.00031928480256891776,417
Q10-7,Q10-7,1,0.0013623978201634877,0.0,2.0046009910436058e-42,0.0021285653465685506,143
中原健C12-1,中原健C12-1,1,0.0,0.0,1.0866963747280363e-61,0.00031928480256891776,418
上田直生也Q2-8○,上田直生也Q2-8○,1,0.0,0.0,1.0866963747280363e-61,0.00031928480256891776,419
A11:質問応答(2),A11:質問応答(2),1,0.0,0.0,1.0866963747280363e-61,0.00031928480256891776,420
内田渉Q4-7,内田渉Q4-7,1,0.0,0.0,1.0866963747280363e-61,0.00031928480256891776,421
山城颯太Q6-10,山城颯太Q6-10,1,0.0,0.0,1.0866963747280363e-61,0.00031928480256891776,422
西山智弘Q7-2○,西山智弘Q7-2○,1,0.0,0.0,1.0866963747280363e-61,0.00031928480256891776,423
【ナ行】,【ナ行】,1,0.0,0.0,1.0866963747280363e-61,0.00031928480256891776,424
Q1:教育応用(1),Q1:教育応用(1),1,0.0,0.0,1.0866963747280363e-61,0.00031928480256891776,425
西村良太H2-4,西村良太H2-4,1,0.0,0.0,1.0866963747280363e-61,0.00031928480256891776,426
Q4:言語資源・分析(4),Q4:言語資源・分析(4),1,0.0,0.0,1.0866963747280363e-61,0.00031928480256891776,427
JasonH3-4,JasonH3-4,1,0.0013623978201634877,0.0,2.0046009910436058e-42,0.0021285653465685506,180
P11-13,P11-13,1,0.0013623978201634877,0.0,2.0046009910436058e-42,0.0021285653465685506,192
A12-2,A12-2,1,0.006811989100817439,0.0,1.8180492334242097e-11,0.0022470465208777176,56
P8-11,P8-11,2,0.0027247956403269754,3.717320109586597e-06,4.125701182167553e-37,0.003121012488314672,92
クロージングH会場,クロージングH会場,1,0.0,0.0,1.0866963747280363e-61,0.00031928480256891776,428
Mao,Mao,1,0.0013623978201634877,0.0,2.0046009910436058e-42,0.0021285653465685506,332
近藤雅芳Q9-2,近藤雅芳Q9-2,1,0.0,0.0,1.0866963747280363e-61,0.00031928480256891776,429
A9-3○,A9-3○,1,0.0013623978201634877,0.0,2.0046009910436058e-42,0.0021285653465685506,403
鈴木 潤,鈴木 潤,1,0.005449591280653951,0.0,5.890992851561289e-17,0.0021285653465685506,88
Q3-9,Q3-9,1,0.006811989100817439,0.0,4.2489409994118596e-08,0.0020688852344447257,22
P6-13○,P6-13○,1,0.0027247956403269754,0.0,3.731371759474187e-31,0.0021285653465685506,363
Brennan,Brennan,1,0.0013623978201634877,0.0,2.0046009910436058e-42,0.0021285653465685506,265
笠原智仁H8-4○,笠原智仁H8-4○,1,0.0,0.0,1.0866963747280363e-61,0.00031928480256891776,430
陽田祥平C4-4○,陽田祥平C4-4○,1,0.0,0.0,1.0866963747280363e-61,0.00031928480256891776,431
森辰則Q4-6,森辰則Q4-6,1,0.0027247956403269754,0.0,3.731371759474187e-31,0.0021285653465685506,162
PaulQ1-7,PaulQ1-7,1,0.004087193460490463,0.0,2.3919979879973762e-08,0.0014021657814134903,22
YingtianQ9-3,YingtianQ9-3,1,0.0013623978201634877,0.0,2.0046009910436058e-42,0.0021285653465685506,186
山口裕人Q3-8,山口裕人Q3-8,1,0.0,0.0,1.0866963747280363e-61,0.00031928480256891776,432
宮﨑太郎Q3-11,宮﨑太郎Q3-11,1,0.0013623978201634877,0.0,2.0046009910436058e-42,0.0021285653465685506,283
KentaroQ8-9,KentaroQ8-9,1,0.0013623978201634877,0.0,2.0046009910436058e-42,0.0021285653465685506,341
Zhou,Zhou,1,0.0013623978201634877,0.0,2.0046009910436058e-42,0.0021285653465685506,131
牛久 敦,牛久 敦,1,0.009536784741144414,0.0,0.0006821303699643777,0.0021285653465685497,6
H5:要約,H5:要約,1,0.0,0.0,1.0866963747280363e-61,0.00031928480256891776,433
オウ王藝臻Q11-7○,オウ王藝臻Q11-7○,1,0.0,0.0,1.0866963747280363e-61,0.00031928480256891776,434
大武美保子D6-2,大武美保子D6-2,1,0.0,0.0,1.0866963747280363e-61,0.00031928480256891776,435
Q12-13,Q12-13,1,0.006811989100817439,0.0,6.8831659890887665e-12,0.0021285653465685514,9
Q12-9○,Q12-9○,1,0.0013623978201634877,0.0,2.0046009910436058e-42,0.0021285653465685506,128
キシ岸波洋介D2-3,キシ岸波洋介D2-3,1,0.0013623978201634877,0.0,2.0046009910436058e-42,0.0021285653465685506,18
C8:教育応用(4),C8:教育応用(4),1,0.0,0.0,1.0866963747280363e-61,0.00031928480256891776,436
大囿忠親C6-5,大囿忠親C6-5,1,0.0,0.0,1.0866963747280363e-61,0.00031928480256891776,437
A5-4,A5-4,1,0.0027247956403269754,0.0,1.2896974079047102e-29,0.0020938879166651696,119
ヨシ吉岡詩織D5-1○,ヨシ吉岡詩織D5-1○,1,0.0,0.0,1.0866963747280363e-61,0.00031928480256891776,438
P10-11,P10-11,1,0.006811989100817439,0.0,6.8831659890887665e-12,0.0021285653465685514,26
松本武尊P4-12○,松本武尊P4-12○,1,0.0,0.0,1.0866963747280363e-61,0.00031928480256891776,439
P8-7,P8-7,1,0.004087193460490463,0.0,3.697836145168593e-23,0.0021285653465685506,204
柳橋圭B4-5,柳橋圭B4-5,1,0.0,0.0,1.0866963747280363e-61,0.00031928480256891776,440
大内 啓樹,大内 啓樹,1,0.005449591280653951,0.0,5.890992851561289e-17,0.0021285653465685506,88
大杉了斗P11-10○,大杉了斗P11-10○,1,0.0,0.0,1.0866963747280363e-61,0.00031928480256891776,441
ケヤ欅惇志P1-12○,ケヤ欅惇志P1-12○,1,0.0,0.0,1.0866963747280363e-61,0.00031928480256891776,442
招待論文H会場,招待論文H会場,1,0.0,0.0,1.0866963747280363e-61,0.00031928480256891776,443
加藤大貴Q10-6,加藤大貴Q10-6,1,0.0013623978201634877,0.0,2.79852881960564e-31,0.0013842299902589597,90
Reisert,Reisert,1,0.004087193460490463,0.0,2.3919979879973762e-08,0.0014021657814134903,22
C12:言語処理応用(3),C12:言語処理応用(3),1,0.0,0.0,1.0866963747280363e-61,0.00031928480256891776,444
P10-1○,P10-1○,1,0.0027247956403269754,0.0,3.731371759474187e-31,0.0021285653465685506,363
周雷P2-6,周雷P2-6,1,0.0,0.0,1.0866963747280363e-61,0.00031928480256891776,445
Q12-3○,Q12-3○,1,0.0013623978201634877,0.0,2.0046009910436058e-42,0.0021285653465685506,268
Q12-12○,Q12-12○,1,0.0013623978201634877,0.0,2.0046009910436058e-42,0.0021285653465685506,226
山浦美里C8-3○,山浦美里C8-3○,1,0.0,0.0,1.0866963747280363e-61,0.00031928480256891776,446
P9-11○,P9-11○,1,0.004087193460490463,0.0,1.4909301582073667e-22,0.002219320984142647,104
XiaotianA8-2,XiaotianA8-2,1,0.0013623978201634877,0.0,7.383933030115713e-34,0.0014669339187378028,23
大村和正C2-3,大村和正C2-3,1,0.0013623978201634877,0.0,2.0046009910436058e-42,0.0021285653465685506,201
サカ酒井浩之D11-1,サカ酒井浩之D11-1,1,0.0,0.0,1.0866963747280363e-61,0.00031928480256891776,447
竹野貴法Q8-3,竹野貴法Q8-3,1,0.0,0.0,1.0866963747280363e-61,0.00031928480256891776,32
Q8-11,Q8-11,1,0.0027247956403269754,0.0,3.731371759474187e-31,0.0021285653465685506,133
Q3-2,Q3-2,1,0.004087193460490463,0.0,3.697836145168593e-23,0.0021285653465685506,194
森田康介P11-7○,森田康介P11-7○,1,0.0,0.0,1.0866963747280363e-61,0.00031928480256891776,291
神田峻介C2-1,神田峻介C2-1,1,0.0013623978201634877,0.0,2.0046009910436058e-42,0.0021285653465685506,253
吉田広顕P1-4,吉田広顕P1-4,1,0.0,0.0,1.0866963747280363e-61,0.00031928480256891776,165
○高山 隼矢,○高山 隼矢,1,0.0027247956403269754,0.0,3.731371759474187e-31,0.0021285653465685506,207
吉野幸一郎C5-1,吉野幸一郎C5-1,1,0.009536784741144414,0.0,0.30518298199267707,0.001400444481122441,60
P2-8,P2-8,1,0.0013623978201634877,0.0,2.0046009910436058e-42,0.0021285653465685506,307
トウ東条佳奈P3-11,トウ東条佳奈P3-11,1,0.0013623978201634877,0.0,5.247167694514771e-23,0.000961705587094426,104
Kamoda,Kamoda,1,0.0013623978201634877,0.0,2.0046009910436058e-42,0.0021285653465685506,58
武田浩一C4-4,武田浩一C4-4,1,0.006811989100817439,0.0,1.8180492334242097e-11,0.0022470465208777176,56
P7-10○,P7-10○,1,0.0013623978201634877,0.0,2.0046009910436058e-42,0.0021285653465685506,238
C11:文献・論文処理,C11:文献・論文処理,1,0.0,0.0,1.0866963747280363e-61,0.00031928480256891776,40
小野 富三人,小野 富三人,1,0.009536784741144414,0.0,0.0006821303699643777,0.0021285653465685497,6
A8-5,A8-5,1,0.004087193460490463,0.0,3.697836145168593e-23,0.0021285653465685506,130
ミナ南泰浩H1-2,ミナ南泰浩H1-2,1,0.004087193460490463,0.0,3.697836145168593e-23,0.0021285653465685506,204
JunjieA9-4,JunjieA9-4,1,0.0013623978201634877,0.0,2.917311283060032e-37,0.0016323417756954899,91
赤間怜奈H1-1○,赤間怜奈H1-1○,1,0.004087193460490463,0.0,4.689931298455065e-19,0.0018935938473142705,294
梶原奨Q7-12○,梶原奨Q7-12○,1,0.0,0.0,1.0866963747280363e-61,0.00031928480256891776,329
P7-13○,P7-13○,1,0.0027247956403269754,0.0,3.731371759474187e-31,0.0021285653465685506,19
C10-1,C10-1,1,0.004087193460490463,0.0,3.697836145168593e-23,0.0021285653465685506,70
内田翼P10-9,内田翼P10-9,1,0.0,0.0,1.0866963747280363e-61,0.00031928480256891776,202
Q6-3○,Q6-3○,1,0.0013623978201634877,0.0,2.0046009910436058e-42,0.0021285653465685506,218
亀甲 博貴,亀甲 博貴,1,0.009536784741144414,0.0,0.0006821303699643777,0.0021285653465685497,6
三谷陽Q8-3,三谷陽Q8-3,1,0.0,0.0,1.0866963747280363e-61,0.00031928480256891776,269
H7-4○,H7-4○,1,0.004087193460490463,0.0,3.697836145168593e-23,0.0021285653465685506,106
Pereira,Pereira,1,0.0027247956403269754,0.0,3.731371759474187e-31,0.0021285653465685506,154
成田風香H1-5○,成田風香H1-5○,1,0.0,0.0,1.0866963747280363e-61,0.00031928480256891776,16
B8-1,B8-1,2,0.008174386920980926,3.3455880986279375e-05,7.718460583235283e-19,0.0035383943420942247,294
永田昌明Q4-7,永田昌明Q4-7,1,0.004087193460490463,0.0,3.697836145168593e-23,0.0021285653465685506,130
P7-4,P7-4,2,0.012261580381471389,0.00010036764295883812,7.152231956021424e-06,0.0033940117863274534,81
武内樹治B11-2,武内樹治B11-2,1,0.0,0.0,1.0866963747280363e-61,0.00031928480256891776,213
西田昌史Q1-2,西田昌史Q1-2,1,0.0013623978201634877,0.0,2.0046009910436058e-42,0.0021285653465685506,275
藤本一男Q1-11○,藤本一男Q1-11○,1,0.0,0.0,1.0866963747280363e-61,0.00031928480256891776,54
山田優A6-3,山田優A6-3,1,0.0,0.0,1.0866963747280363e-61,0.00031928480256891776,61
